:020000040800F2
:100000000000012019260008D11B0008D31B00089E
:10001000D51B0008D71B0008D91B000800000000F2
:10002000000000000000000000000000DB1B0008D2
:10003000DD1B000800000000DF1B0008E11B0008BA
:100040006926000869260008692600086926000854
:100050006926000869260008692600086926000844
:100060006926000869260008692600086926000834
:100070006926000869260008692600086926000824
:100080006926000869260008692600086926000814
:100090006926000869260008692600086926000804
:1000A00069260008692600086926000869260008F4
:1000B00069260008692600086926000869260008E4
:1000C00069260008692600086926000869260008D4
:1000D00069260008692600086926000869260008C4
:1000E00069260008692600086926000869260008B4
:1000F00069260008692600086926000869260008A4
:1001000069260008000000000000000069260008C1
:100110006926000869260008E51B0008F91B00088D
:100120006926000869260008692600086926000873
:100130006926000869260008000000000000000091
:1001400069260008692600086926000800000000EA
:10015000000000000000000000000000000000009F
:100160006926000869260008692600086926000833
:100170006926000869260008692600086926000823
:100180006926000869260008000000000000000041
:0401900069260008D4
:1001940010B5054C237833B9044B13B10448AFF3BD
:1001A40000800123237010BD3003002000000000F4
:1001B4002846000808B5034B1BB103490348AFF3B5
:1001C400008008BD00000000340300202846000819
:1001D4002DE9F04397490B8885B0002B2FD0013BC4
:1001E4000B809548954A03781278954F9A4218BF28
:1001F400944C954A1BBFE45C1470002301330CBF7C
:10020400137003701378914C3B70002B00F08581C0
:10021400DFF854828E4898F800208E4E002A00F0B1
:100224009D80002288F800208B4A1578542D1DD11A
:10023400A3F13002092A36D8884A137033E0884A79
:100244001370884A1370884A1370884A1370884A56
:100254001370884A1370884A1370884A1370884A46
:1002640013707E4A1370874A1380BAE7A5F12A02F5
:10027400D2B2052A17D84FF02B0C2CFA02F2D2076F
:1002840011D5DFF80CC29CF80020A3F1300E5FFA00
:100294008EFE002A47D1BEF1090F04D8642288F8E3
:1002A40000208CF8003096F800904FF0000C87F88E
:1002B40000C0B9F1000F00F00581734F734A97F83D
:1002C40000E0734D0C2303FB0E2E2B78DEF804E0C4
:1002D40003EB43030EEB830393F809E093F80A80DE
:1002E400BEF1650F06D0B8F1080F14BF09FB0EFC70
:1002F4004FF0010C4FF0000E86F800E01E7A012E3C
:1003040040F02D815A68B8F1010F137803D0B8F189
:10031400040F40F01E8103F17E066645C0F2CE80D4
:10032400A3EB0C03CBE0A2F1300303EB83035B00EC
:10033400BEF1090FDBB2B4D873442B2D8CF8003016
:1003440002D101230370AEE72D2D02D101233370B6
:10035400A9E72A2D4FF00903F9D1F3E7414D95F8A8
:1003640000C0BCF1000F60D0232B2A70227002D190
:100374000123237097E72F2B14D8292B93D92A3BD9
:10038400052B90D801A252F823F000BFDB0300082C
:10039400C1030008AB020008CF030008F303000800
:1003A400E7030008522B2BD0542B02D0502B7FF4A0
:1003B4007AAF642288F80020274A3EE7642388F84D
:1003C4000030254B2B221A706DE7642388F8003027
:1003D4002D22214BF7E7642388F800302A221E4B94
:1003E400F1E7642388F800302F221B4BEBE7204B06
:1003F4001A780AB901221A7040F6B8330B8052E712
:10040400244B1A60244B1A60244B1A60244B1A6044
:10041400244B1A60244B1A60244B1A60244B1A6034
:10042400244B1A60244B1A603DE7232B04BF64233A
:100434002B7038E7840300203206002033060020A6
:100444007B03002034060020340700207E030020B4
:1004540055030020540300207F030020570300208D
:10046400350700208103002080030020860300203C
:10047400870300204C030020880300207D03002014
:100484007C030020820300207A030020E048000857
:1004940056030020300F00202C0F0020280F0020CE
:1004A400240F0020200F00201C0F0020180F002014
:1004B400140F0020100F00200C0F002000231370D5
:1004C40000232B7090F80080B8F1000F25D0A24FC4
:1004D400A24E97F800C0A24D0C2303FB0C6C2B78A2
:1004E40003EB4302DCF8043003EB820393F809E0E6
:1004F4009A7ABEF1650F73D0082A74D008FB0EFEF9
:100504001A7A4FF0000C012A80F800C06ED15A68A4
:1005140013787344137000232B702478002C40F05C
:10052400AC80904D2878002800F028818E4803780C
:10053400002B40F097808D490A880A2A40F28F8068
:100544008B4AF2241485012202708A4A13700B80AC
:1005540093E063453FF6E4AE82F800E0B0E7022E94
:100564001BD15E68337896F8018003EB08239BB2B5
:100574009C453ABFA3EB0C039BB2734633703E78A1
:100584000C2707FB06262A78766802EB420206EB64
:1005940082021B0A5268537092E7042E90D15E685F
:1005A400337896F8018003EB08239BB29C453ABF4D
:1005B400A3EB0C039BB2734633703E780C2707FB06
:1005C40006222E78526806EB460602EB86021B0AC8
:1005D4005668737056680023B3705268D3706FE71F
:1005E4004FF0000E8CE74FF0010E89E7022A16D176
:1005F4005B6858781A7802EB00221EFA82F292B2F3
:100604001A7038780C2303FB00602B78406803EBE6
:10061400430300EB8303120A5B685A707BE7042AE6
:100624007FF479AF5B681A78587802EB00221EFADF
:1006340082F292B21A703B780C2000FB0363287894
:100644005B6800EB400003EB8003120A58684270B9
:100654005A6882F802C05B6883F803C05BE7013222
:100664000A800AE0012B14D1424A434913780968ED
:10067400C95C29B902230370117005B0BDE8F08389
:10068400632B01D90470F8E73948018501331370ED
:10069400F3E7022B4AD1374A137813B9344920209F
:1006A4002AE0591E10293ED801A454F821F000BFB5
:1006B400F9060008010700080D07000819070008DB
:1006C400A1060008250700080707000825070008F9
:1006D400070700080D0700081F0700082507000882
:1006E400A106000813070008190700081F070008DF
:1006F400250700081E4976200885C7E71C496520A0
:10070400FAE71B492E20F7E719497220F4E7184944
:100714005020F1E716493A20EEE715493020EBE77F
:1007240013493120E8E703210170AFE7032B07D118
:100734000F4BFF221A850423037040F6B83306E7F3
:100744000A4A1388092B02D80133138095E71480D1
:1007540004702C7091E700BF7A030020E048000881
:10076400560300204C0300207D0300208203002058
:10077400003801407C030020780F0020844D2B7842
:10078400002B48D0834E3278C2B983490B88642B3E
:1007940012D9824C8248237807783B43072B03D92C
:1007A400227002702A7068E77E4BF42018850123BA
:1007B40033707D4B1A7053E70133C8E6012A13D115
:1007C400774A794C1178794A2378FA2505FB012276
:1007D400D15C744A19B91185022333704DE7F92BA2
:1007E40040F225811085F7E7022A04D16D4BFF22E0
:1007F4001A850323F1E7684A1388632BA4D9108070
:10080400674A307013782C700133DBB2072B98BF22
:100814001846107091E7664A1378002B62D05D4940
:100824000B7863B95C48634A13700288642A89BFF1
:10083400012201320A70038098BF02801DE7013B48
:10084400042B3FF61AAFDFE803F00311223544000E
:10085400584B1B78022B05D802230B70514BF32203
:100864001A850AE7002313700B7006E7514B5248B0
:100874001A780C235343C3581B780BB90523F3E7A9
:10088400484B1A85484B00221A700323ECE7494A67
:100894004548127803780C246243474CA258D25C32
:1008A4000AB90423E0E7632BFBD83E4901330A85E8
:1008B4000370E2E63F4B1A783F4B0C2000FB0233F7
:1008C400384A1B7A1BB13D4B1B780133DBB21385CD
:1008D400D4E7344BFF221A85364A13780133137058
:1008E4000123C1E736480478002C00F0C280294C6B
:1008F400237853BB2F4A334E11782F4A324D0C20A4
:1009040000FB01223148527AC82A11D11A4601212A
:1009140031702A7003700123237000231E4A138050
:10092400214AB4E619460122F2E719461A46EFE7CE
:10093400C92AF7D0CA2AF8D133702B70037813B9B7
:10094400234B00221A800123E4E7012B18D1194A12
:10095400154B1078184A19780C2505FB002201EB79
:100964004103526852F823301B7813B9C82323700B
:1009740083E66329FAD802232370F022094B6FE738
:10098400022B27D1084B1A78064B1A850323EEE76E
:10099400310600207D030020820300203707002059
:1009A40036070020003801407C030020380700206F
:1009B400880300207A030020E0480008760F002016
:1009C400860300202F060020300600207C0F002024
:1009D4002A060020632B2DD89F4AA04912780C20A8
:1009E40000FB02119E4A4968127802EB420201EBB5
:1009F400820051F822201A4412F8031C994AB1B912
:100A0400417A6423237011B93023138535E6827A41
:100A1400944B082A01D1322222E7652901D13022E0
:100A24001EE7062AFBD0642AF9D0312218E7118583
:100A340001339CE7642B04D165232370894BFF2287
:100A44000EE7652B06D1864A137801331370012310
:100A5400237072E6C82B01D1C9238DE7C92B01D1BC
:100A6400CA23EAE7CA2B7FF408AE0023037023707D
:100A740054E77D4E3278002A00F0F1817B480378F8
:100A84001BB9774A1370012312E7012B19D1724A5B
:100A9400734B1478714A19780C2505FB042201EB79
:100AA4004103526852F823301C786E4BF12214B97A
:100AB4001A85CA23FCE66329FAD802220270F122BD
:100AC400CEE6022B40F08081654B664A1B78138585
:100AD40003220270604A1178604A0C2000FB012254
:100AE40003EB43035168624801EB83014D680A7AC2
:100AF4002B780360012A0CD18D7A012D01D0042DAD
:100B04002ED17F2B29D9C3F5807303602D25594B32
:100B140025E0022A0ED16D7803EB05238D7A03605C
:100B2400012D01D0042D1BD1B3F5004F15D3C3F50E
:100B34008033EAE7042A13D16E7803EB06230360BB
:100B4400AE7803EB06430360ED7803EB05630360C3
:100B54008B7A012B01D0042B02D1464B2B251D701F
:100B64004B7A652B07D1444A1378591C1170434AB8
:100B74002021D15481E58B7A082B16D13E4D006893
:100B84002B783E4A9C1C591CE4B2C9B238B94620A1
:100B9400D05403332B704F23505413556DE54E201E
:100BA400D0544F2353542C7067E5062B10D11E2AC2
:100BB400314B324C28BF1E22002A3FF45EAD187818
:100BC4004D68013AD2B2461C1E70AD5C2554F3E761
:100BD400632B58D9013A012A3FF64FAD642B3FF4F9
:100BE4004CADA3F16402D2B20C2A28BF0C22541ECD
:100BF400214E224FE4B24FF00A0E002A3FF43DADDD
:100C04004B6835781B5D0360002B39D16B1C337046
:100C140030237B55013A12F0FF0204D033785D1C77
:100C240035702C25FD54013CE4B2E6E7B3FBFEF835
:100C34000EFB183330337B55434665464FF00108AD
:100C440005F1010C5FFA8CFC002BEFD1B8F1000F19
:100C5400E0D003603570DDE77A030020E048000847
:100C64007C03002000380140870300207D0300201E
:100C7400500300207903002058030020590300206A
:100C84004FF00008DCE7072B02687F4B25D1197869
:100C9400107801F110056D44013205F8100C78B19B
:100CA4000134E4B2481C102C1870F0D10022774CA7
:100CB4001A70084630B9002A3FF4DFAC1970DCE43E
:100CC4001024EFE7421E04ADD0B255FA82F212F8B6
:100CD400102C04F8012B0122ECE700256B4E1D704B
:100CE4000A274FF02C0C2ABB0DB102601C708A7AC3
:100CF4001978022A01D0042A41D1002938D1634944
:100D04002C2430204C70032408701C708870012A35
:100D140057D11A78511C19705D4908785B49885479
:100D24001A78002A7FF4A9AC01221A70574B30229A
:100D34001A70A2E4B2FBF7FE07FB1E2230323255D2
:100D4400651C8C7A022CEDB2724601D0042C07D1BA
:100D5400012D02D186F801C002252C460125C2E7E7
:100D6400032CFAD1022D02BF2C25B5702546F4E7D9
:100D74000229CCD10321197030204449C6E7032A43
:100D840017D149B9414A302111702C2090700420A8
:100D940051701870D17070E4012902D13B4A30219E
:100DA400F3E702297FF469AC1A70384B30229A7049
:100DB40063E421B901211970344930200870012AF3
:100DC40000E0042AA5D0ABE7632B16D82E4A13788B
:100DD4004BB1013BDBB22D491370CB5C002B3FF4CC
:100DE40056AC2C4A11E62C4A0123037013780133C4
:100DF400137040F6B8330B8020E6C82B03D1C92307
:100E04000370244B5BE6C92B12D1CA230370234B16
:100E14001A78204B0AB1642222E5214A1278002A6A
:100E2400F9D1204A12780AB1652219E5662217E53C
:100E3400CA2B02D1CB23037000E6CB2B7FF41DAC6D
:100E4400194A0023138003703370184B1A78184B17
:100E54001B789A423FF411AC01232B700DE4154C1E
:100E64002378002B3FF409AC303BDBB2022B227019
:100E74003FF603AC104C23700123037040F6B833E3
:100E84000B800E4B54E700BF580300205903002089
:100E940079030020003801407C0300202D06002047
:100EA4002E0600202C060020820300203707002095
:100EB40036070020570300207A0300207D0300201A
:100EC40030B4204B1A780AB1013A1A701E490A78D4
:100ED4000AB1013A0A701D4C207810B130BCFFF7FA
:100EE40077B91B4D1B492A780978914218BF1A48D3
:100EF4001A491DBF805C08700132087018BF2A703F
:100F040017480A780270AAB11978A9B100213A2ABF
:100F140019700DD1134A01231370134A23701370EF
:100F2400124B40F6B8321A80114B1980114B1970CC
:100F34000023037030BC7047232A04BF64221A7054
:100F4400F6E700BF8103002080030020350700205E
:100F54003206002033060020340600203407002027
:100F64007B0300204C03002088030020840300201E
:100F7400820300207D0300201C4B5B6B13F0202FA9
:100F840070B531D100F040FE194B1B780BB901F05C
:100F94000DFAFFF795FF1748174C184D02F028FA81
:100FA400174A18491378042B81BF00231370164A7B
:100FB4001370164B2A68586A238801339BB2024483
:100FC400B3F57A7F2A6023800AD3B2FBF3F2104B85
:100FD4000E881A800F4A00232B60238016800B8012
:100FE4000B88834238BF088070BD00BF0074004086
:100FF4009F110020B0050020500F00204C0F00204E
:10100400660F00204A0F0020650F002000100040EA
:10101400480F0020460F002030B5634A137801338F
:101024001370624BD9690C0713D1614A880613788F
:1010340050D4DBB1013BDBB21370BBB95D4B1B7801
:10104400012B13D95C4A82F800315C4B01221A70DF
:101054000CE00F221A625A4A138801331380594A4A
:1010640013888D0703F101031380DED456480378F7
:10107400002B00F08980554A1378002B51D10123AD
:101084001370534BDA69110700F082800F221A6241
:10109400504A514D13785148514C0133DBB213700F
:1010A4002B780268218801330A44DBB202602B707A
:1010B4001BB94C4D0360120A2A804B4B1A888A4292
:1010C40038BF1980494B5A6A22801A6922F00102FA
:1010D4001A6130BD3548848CA0B2E40517D5C3B974
:1010E400434C257800F0F004A54205D1324C207021
:1010F40030480370032306E03E4A107828B1137089
:101104003D4A137801331370B0E70123FBE7002B4A
:10111400ACD0284C23780133DBB22370264CE05446
:10112400E8E7012B09D14B06ABD5344B0821996272
:10113400334B002119700223A2E7022B17D10D06AD
:101144009FD52F4D2F492B7891F8004117481BB993
:10115400097801F5807102E0A342C95CF9D001333A
:10116400DBB2A34201852B708BD9032388E7032BC1
:1011740005D14C0685D500231370037081E71F4BFE
:101184000821996100237BE71C4B08229A6178E7C8
:1011940092067FF57DAF1C4A988C1C491378C8547D
:1011A4000133137074E700BF640F0020004800404F
:1011B4009A1000209C1000209D1000209B100020FD
:1011C400860F0020840F0020970F0020960F002028
:1011D40000380140710F0020540F0020580F0020E8
:1011E400600F0020520F00205C0F0020001400400C
:1011F400830F0020950F0020940F0020001000485A
:10120400980F0020990F0020330600203406002098
:1012140080B584B000AF114B1B68FB60FB68BB60FA
:1012240002F0ECF801F020FA0D4B00221A600C4B8E
:1012340000225A600A4B00229A600A4B0A4A9A60BA
:10124400094B1B687B607B6883F3088800BFBB681D
:10125400984700BF1037BD4680BD00BF04C80008D2
:1012640010E000E000ED00E000C80008294B08226F
:1012740030B59A61284A022101244FF480509462C7
:10128400916290628020906204224FF090409A62B2
:101294004FF400428262214A4FF4804595624FF434
:1012A40000559D6284619161D2F8041821F40041D3
:1012B400C2F80418D2F8041821F48041C2F80418C2
:1012C400D2F8041821F00201C2F80418D2F8041864
:1012D40021F00101C2F80418596821F480615960B1
:1012E400596821F400715960596821F4807159607A
:1012F400596821F080015960D2F8081841F0704112
:1013040041F00F01C2F808189A6842F47F129A60FB
:1013140030BD00BF00100048000800480004004829
:101324000E4B0F4800221A600E4A52F8041B01317A
:101334001EBF1968013119608242F6D10A4A0B496D
:10134400186812680A6040B1094B1B689A4203D0BE
:10135400131A58425841704701207047C0110020A9
:1013640000C8040800C8000800C00008BC11002020
:1013740000C00008104B1B78D3B1013B042B15D8D7
:10138400DFE803F018030E1012000C4B0C4A136034
:101394000C4B1B69013302BF0B4B01221A707047BF
:1013A4000A4BF3E70A4BF1E70A4BEFE70A4BEDE789
:1013B4000A4BEBE70A4BE9E7820F00206D46000871
:1013C400780F002000C00008B811002086460008ED
:1013D4009C460008B0460008BF4600084046000886
:1013E4005946000838B50D46044601F019FA2A4654
:1013F40000232146022001F055FABDE8384001F0EF
:1014040021BA10B52022A6B000210DEB020003F092
:10141400DDF81422002101A803F0D8F85822002195
:1014240010A803F0D3F802244FF480330B22CDE943
:101434000623CDE90C43012210214FF4E01306A842
:10144400CDE909210B920E9302F048F808B172B667
:10145400FEE70F23CDE901344FF48063CDE9043076
:101464000390214601A802F0D5FA08B172B6FEE74E
:10147400CDE9120027231490179010A8109302F0BE
:10148400A1FB08B172B6FEE726B010BD2DE90048F5
:10149400BE4D8CB001F01EF9FFF7E8FEFFF7B1FF77
:1014A4001422002107A803F091F86B69B84843F4AB
:1014B40000136B616B6903F400130193019B6B6967
:1014C40043F480036B616B6903F480030293029B12
:1014D4006B6943F400236B616B6903F4002303938A
:1014E400039B6B6943F400336B616B6903F4003352
:1014F4000493049B6B6943F480236B616B6903F46D
:1015040080230593059B6B6943F480136B616B69BE
:1015140003F48013069300224CF21C01069B01F095
:1015240055FB9C48002241F6830101F04FFB002249
:1015340048F201014FF0904001F048FB9648002228
:1015440044F2023101F042FB00229448402100247D
:1015540001F03CFB01264CF21C038D4807A94FF017
:101564000209CDE907364FF02008CDE9094401F01E
:101574005DFA8748CDF82C9007A9CDE90789CDE914
:10158400094401F053FA4FF4C0638448099407A94D
:10159400CDE9073401F04AFA41F683037D4807A9EF
:1015A400CDE90736CDE9094401F040FA042379482E
:1015B400099607A9CDE907344FF0030A01F036FA7A
:1015C40028227448099407A9CDE9072A01F02EFAC4
:1015D40048F2010207A94FF09040CDE90726CDE972
:1015E400094401F023FAA22207A94FF09040CDE963
:1015F400072A099401F01AFA4FF4825207A94FF00E
:101604009040CDE90724099401F010FA05226248BC
:10161400099407A9CDE9072A01F008FA44F2023235
:101624005D4807A9CDE90726CDE909444FF0800BB1
:1016340001F0FCF95648099607A9CDE907B401F071
:10164400F5F94FF4C0525248099407A9CDE9072A85
:1016540001F0ECF94FF400424F480B9607A9CDE98D
:101664000729CDE9094401F0E1F94FF43C524C4813
:10167400099407A9CDE9072A01F0D8F94FF0400AE7
:101684004448099407A9CDE907A401F0CFF94FF420
:101694000062CDE9072907A90A224FF090400B9276
:1016A400CDE9094401F0C2F93C4807A9CDE907A6F0
:1016B400CDE9094401F0BAF93948099407A9CDE9FB
:1016C40007A401F0B3F93448099407A9CDE90784C4
:1016D40001F0ACF904232E480B9307A9CDE907695F
:1016E400CDE9094401F0A2F92948099407A9CDE9F3
:1016F400079401F09BF92B48DFF8BCC004614FF458
:1017040096434FF00C09C0E900C3C0E90244C0E9A4
:101714000594C0E90744446202F02AFF034608B175
:1017240072B6FEE72048214A4FF4E13AC0E9002AA4
:101734004FF48052C0E90223C0E90439C0E90633FA
:10174400C0E9083302F014FF08B172B6FEE7184B83
:10175400184A98604724C3E90024CDE9070009909A
:1017640040F2E7321846DA60C3F818B002F0C0FC61
:101774000F4B08B172B6FEE70790099007A9184607
:1017840002F0E6FCD0B172B6FEE700BF00100240E2
:1017940000100048000800480004004800140048F5
:1017A400000C0048940400208C03002000480040F2
:1017B4006405002000100040003801406B4B6C4A67
:1017C4009860C3E90024CDE9070009903122184646
:1017D400DA60C3F818B002F08BFC644B08B172B63F
:1017E400FEE70790099007A9184602F0B1FC08B17A
:1017F40072B6FEE75F4C6049604B2062C4E90206A2
:10180400C4E90400C4E906002046C4E9001301F059
:101814002BFB014608B172B6FEE7204601F070FDCD
:10182400014608B172B6FEE7204601F08FFD03467B
:1018340008B172B6FEE75248524AC0E90233C0E921
:101844000439C0E90633C0E908384FF40053C0E94D
:10185400002AC36302F08CFE08B172B6FEE74A4860
:101864004A4A0423C0E9002340F6FF73C0E9023367
:1018740001F091FD044608B172B6FEE73D4801F05F
:10188400F3FA434802F074FE424802F071FE424803
:1018940002F0D4FA354802F0D1FAFFF76BFD6B6A17
:1018A4003E4A1B0C13606B6A43F080736B622046E4
:1018B40000F002FB3A4B3B4A1C8814803A4A588891
:1018C40010803A4A99883A4D1180DA882A80394D35
:1018D4001B892B8041F21115AC4212D142F2222411
:1018E400A0420ED143F2333081420AD144F2444142
:1018F4008A4206D145F25552934202BF2E4B012231
:101904001A70FFF70DFD2D4D2D4E2E4CDFF8A880DB
:10191400287000F023FA338841F26F729BB293422D
:1019240008D9237833B92B7823B198F800306BB1F8
:10193400FFF76EFC23780A2B12D1234B2348196836
:10194400FFF750FD237801332370E2E7204B1B7827
:10195400002BEFD01F4845F65A21FFF743FDE7E778
:10196400D7D90E2BEFD9FFF753FCD2E71805002087
:1019740000140040C005002000540040150200205F
:101984001004002000440040B00500200030004056
:10199400940400208C03002064050020B41100206E
:1019A400A11100201C0600201A06002018060020A1
:1019B4001606002014060020B9110020BA110020D8
:1019C400720F0020A0110020C411002000C00008E4
:1019D400B811002010C000080A4B9A6942F00102B5
:1019E4009A619A6982B002F001020092009ADA695F
:1019F40042F08052DA61DB6903F080530193019B6A
:101A040002B070470010024010B5044688B014229A
:101A1400002103A802F0DAFD2268134B9A4220D178
:101A2400124C1348636943F480236361636903F4CC
:101A340080230193019BC0221223CDE903230121BA
:101A44000323CDE90513042303A9079300F0EEFF54
:101A5400E36943F40013E361E36903F400130293BD
:101A6400029B08B010BD00BF0054004000100240AB
:101A74000004004807B50368174A934214D1174B72
:101A8400DA6942F01002DA61DB6903F010030093B3
:101A9400362000220221009B00F052FE362003B0C3
:101AA4005DF804EB00F07EBE0D4A934210D10B4B5F
:101AB400DA6942F02002DA61DB6903F02003019362
:101AC400372000220121019B00F03AFE3720E6E78F
:101AD40003B05DF804FB00BF00100040001002409A
:101AE4000014004010B504468CB01422002107A84D
:101AF40002F06CFD2368304A934222D12F4B9A693D
:101B040042F480429A619A6902F480420192019AF5
:101B14005A6942F400325A615B6903F40033029358
:101B2400029B4FF4C0630793022308930324072303
:101B3400CDE90A4307A94FF0904000F077FF0CB0BD
:101B440010BD1F4A934214D11C4BDA6942F400328F
:101B5400DA61DA6902F400320392039A5A6942F4B0
:101B640000325A615B6903F400330493049B0C2331
:101B7400D9E7144A9342E2D1104B1348DA6942F48C
:101B84008022DA61DA6902F480220592059A5A69A0
:101B940042F480225A615B6903F480230693069B16
:101BA4004FF4406202230321CDE907230723CDE943
:101BB4000A1307A9C1E700BF003801400010024022
:101BC400004400400048004000040048FEE7FEE7EF
:101BD400FEE7FEE7FEE770477047704700F08CBDF4
:101BE40008B5FFF7C9F9BDE80840014802F065B936
:101BF4006405002008B5FFF70FFABDE80840014866
:101C040002F05BB91805002030B5434A4349137804
:101C14000133DBB21370424A13780133DBB2137021
:101C2400404A1368013313603F4B1A88013292B261
:101C3400B2F57A7F1A8084BF01221A800A880132A1
:101C440092B24EF6602082420A8084BF4CF2503237
:101C54000A8036483649002202700A701A880A241B
:101C640092B2B2FBF4F504FB152292B2022A05D11A
:101C740030490A780132D2B20A7017E01A8892B257
:101C8400B2FBF4F504FB152292B2032A03D12A49CC
:101C94000A780132F0E71A8892B2B2FBF4F504FB39
:101CA400152292B2042A28D1012202701B88234AE9
:101CB40023499BB2042B0CBF0123002313700B8810
:101CC4003BB3013B0B801F490B880BB1013B0B80DD
:101CD4001D490B880BB1013B0B801C490B880BB1D0
:101CE400013B0B801A490B880BB1013B0B80137825
:101CF40013B1184B00221A7030BD1A88642092B2B6
:101D0400B2FBF0F400FB142292B2052ACED10122D8
:101D1400B2E711490B70D6E7670F0020720F00205D
:101D240027060020080F00206C0F0020700F0020F1
:101D34006F0F0020750F0020220600206E0F002078
:101D4400360F0020280600201E0600202006002052
:101D54007E0F00207D0F0020340F002070B53E4B15
:101D64003E4C5B6A3E4822783E4D3F4E4FF47A71BA
:101D740001FB0233028831689A422A7838BF038013
:101D84000132D2B21944632A31602A700FD9B1FBEF
:101D9400F2F1364A1180002235492A7005880D80F7
:101DA4003449028034480D88326005800A80334DFE
:101DB400334A03E0B3F57A7F00D2013328781178EF
:101DC4008842F7D0A3F57A714B424B412D490B70F1
:101DD40013780133DBB213702B4A0023237013787A
:101DE4000133DBB2642B137084BF012313701378A7
:101DF4000A22B3FBF2F102FB1133DBB2012B0CD14B
:101E040022490A780132D2B20A2A0A7005D9204A34
:101E14000B7013780133DBB213701E4A137801334D
:101E240013701D4A13780BB1013B13701B4A1388BE
:101E340063B1B3F5167F1A4909D201339BB2B3F5E6
:101E4400967F138034BF012302230B7070BD0023DF
:101E54000B701380FAE700BF00100040670F0020EA
:101E64003C0F0020440F0020400F00203A0F0020B8
:101E7400380F00205C0F00205E0F0020750F00203B
:101E8400740F0020630F00206A0F0020690F0020E8
:101E9400680F002023060020620F00202406002083
:101EA40026060020034AD2F8883043F47003C2F8AF
:101EB4008830704700ED00E07FB50A2304461A46D7
:101EC4000E480F4E0F4DA82101F090F9307028B143
:101ED40028780130C0B2287004B070BD1023642289
:101EE400CDE90132084B009304480223A2B2A82191
:101EF40001F0C0F830700028EDD0E9E7C0050020FB
:101F0400C811002012060020A11100207FB50A2369
:101F140004461A460E480F4E0F4DA82101F066F9EB
:101F2400307028B128780130C0B2287004B070BD78
:101F340010236422CDE90132084B009304480223A4
:101F4400A2B2A82100F0E1FF30700028EDD0E9E74B
:101F5400C0050020C811002012060020A111002095
:101F6400054A1378591C1170044AD054044B1A883A
:101F740010441880704700BF980F0020990F00206C
:101F8400CC110020F8B52A4E2A4F2B4D0023337074
:101F94003B802A4B1B78FBB928780C30C0B2FFF782
:101FA400DFFF0A20FFF7DCFF3C88E443A4B2200AE9
:101FB4003C80FFF7D5FFE0B2FFF7D2FF28780F305F
:101FC400C0B2FFF7CDFF33781D4A013B82F80031E0
:101FD4001C4B01221A70F8BD013B042BE4D801A26A
:101FE40052F823F0FD1F00080B20000819200008F8
:101FF400AD1F00082720000828780C30C0B2FFF776
:10200400AFFF0C20CEE728780C30C0B2FFF7A8FF52
:102014000D20C7E728780C30C0B2FFF7A1FF0E20CF
:10202400C0E728780C30C0B2FFF79AFFFD20B9E76B
:10203400980F0020CC110020830F0020A011002055
:10204400990F0020970F0020F0B51B4B1B4E93F8FF
:1020540000210020012A307023D919499C5C097899
:102064000F318C421DD1122A4FF000048CBFD11EB7
:10207400911EC9B227462046E5B2A94212D207B141
:1020840035701344C043122A13F8011C80B20FD9CF
:1020940013F8023C01EB032189B2814214BF0020F2
:1020A4000120F0BD5D5D284480B201340127E3E7DF
:1020B400C0B28842F2E700BF9D1000209C100020AF
:1020C400830F0020074B00221A80074A13780BB1B4
:1020D400013B1370054B064A1B7803F00F03137082
:1020E400704700BFD2110020800F00209D100020F7
:1020F400C911002070B5104E104C3078104D0A30C4
:102104000023C0B22B702380FFF72AFF2088C0432E
:1021140080B22080C0B2FFF723FF30780F30C0B206
:10212400FFF71EFF2B78074A013B82F80031064B6C
:1021340001221A7070BD00BF830F0020CC11002053
:10214400980F0020990F0020970F002030B585B01C
:1021540000F066FB134A144C144D0023CDE9013200
:10216400012203922380029BAB4203D900F06AFB55
:1021740005B030BD002253F8041B013109D10232ED
:1021840092B2B2F5007FF6D1029B03F5006302938D
:10219400E9E723886946013301A8238000F0F8FBAE
:1021A400F2E700BF00C0000808120020FFFF070884
:1021B4002DE9F041744E3578E5B9744A92F800314E
:1021C400042B68D1517813780A290FD1C3F57F43C2
:1021D400F533907899B2C3F3072398425BD1D27850
:1021E400CBB29A4257D1FFF7CDFE01E00C2952D170
:1021F40001234FE0012D30D1644A92F80031042BC1
:1022040049D153780C2B46D113789078C3F57F438A
:10221400F33399B2C3F3072398423CD1D278CBB2BB
:102224009A4238D1FFF792FF594B00241C70594B46
:102234001C70594B1C60594B1C60594B1C80594BEA
:102244001C80FFF79FFE58481022214602F0BEF979
:102254002046FFF75BFE02231CE0022D1BD14B4CF2
:1022640094F80031042B25D162782378134483F445
:102274007F430E2A83F0FF030FD1A278B2EB132F12
:1022840009D1E278DBB29A4205D103233370FFF718
:1022940079FE0A233370BDE8F0810A2AFBD1A278C3
:1022A400B2EB132FF7D1E278DBB29A42F3D10023D9
:1022B400337098E7442B5FD8002127460A46981EBE
:1022C40088422ADC61780D2924D1D243205C91B262
:1022D400C2F3072290421DD1E21812F8010CCAB2CF
:1022E400904217D11A1F0021224408460133DBB261
:1022F400452B18D111B1442384F8003100F090FA31
:10230400254FDFF89C8094F80031043B9D420EDB9E
:1023140000F098FAFFF736FE9DE717F801CB624408
:1023240092B20131CCE702F8010F0121DEE7631913
:102334000220D9789A785B7802EB0122396803EBA2
:102344000223625D01F1006102EB032201F54841C1
:10235400002300F0A7FA28B1B8F800300133A8F838
:10236400003064253B680D4A04333B601368043530
:1023740001331360EDB2C6E70A4A052333701388AC
:1023840001331380C6E700BFA01100209D10002078
:10239400BA110020B911002004120020C411002039
:1023A4000012002002120020A11100202DE9F843A0
:1023B400794C01232370794B1B782BB9784B1B88FC
:1023C4009BB2B3F57A7F39D2764D774E297832783D
:1023D400764FDFF834C2DFF834E200204FF0904843
:1023E4003B69DCF81090C3F3801319F0400FDEF85A
:1023F40010904FEA031318BF203319F0200FD8F8B8
:1024040010901CBF4033DBB219F0400F1CBF803B5F
:10241400DBB28B4209D1952A9EBF0132D2B2012090
:10242400632A05D80B461946DAE701200022FAE7A9
:1024340000B132705E4B2970090919705D4A138826
:1024440001339BB2B3F57A7F30D813805A4E5B4A7E
:10245400337811785A4D994204D05A4913700022A6
:102464000A702A802A885849584801322A800A88E2
:10247400B2F5FA7F2CD901220270554A64201070FB
:102484004FF4C8720A80534A127822B15248027833
:102494000AB1013A027003BB4F4A0B801370414BDF
:1024A4001B78F02B41D0012333703EE04B484C495C
:1024B400012313804B4B02881A804B4B0A881A80E5
:1024C4004A4A4B4B15881D80002303800B80BCE7D0
:1024D40000270132077092B2D4E7012B49D1DFF80B
:1024E4003081444F98F800307BB1434B0A21197076
:1024F400424B1B7803F00F0300220C2B2A8018D1C7
:10250400FFF756FE002388F800303B7823B1002300
:102514002B80394B0A221A70394A137823B30023CB
:1025240013702B80344B0A221A7000232370BDE8E9
:10253400F8833B780B2BE5D03A70FFF785FD60B14B
:10254400FFF7C0FD254A1388013313802D4B1B78F8
:10255400002BD7D1FFF7CEFDD4E7214A02233370F5
:10256400138801331380CDE72B88FA2BDDD902239E
:102574009AE7022B0DD1204A13780BB1013B13705B
:10258400154A13780133DBB20A2B88BF002313707A
:1025940089E7002388E700BF9F1100206E0F002009
:1025A400720F0020830F0020CA1100200008004889
:1025B400820F0020920F0020D6110020D411002099
:1025C400D0110020D5110020D21100209E1100202E
:1025D400800F00206F0F0020CE1100208E0F0020EE
:1025E4008A0F0020900F00208C0F0020860F0020FF
:1025F400880F0020A0110020810F00209D100020D2
:10260400940F0020970F0020000C0048000400489D
:102614009B100020DFF834D00D480E490E4A0023E9
:1026240002E0D458C4500433C4188C42F9D30B4A82
:102634000B4C002301E013600432A242FBD3FFF7EA
:1026440031FC01F0CBFFFEF721FFFEE70000012083
:10265400000000203003002044490008300300201B
:1026640000120020FEE7704710B5074B4FF0FF3211
:1026740000241A611C61DA60DC609A629C62FFF7D4
:10268400F2FF204610BD00BF0010024038B50E4BCB
:102694001A784FF47A73B3FBF2F30C4A05461068C8
:1026A400B0FBF3F000F08CF8044658B90F2D09D8AC
:1026B400024629464FF0FF3000F042F8044B204612
:1026C4001D6038BD0120FCE72803002024030020FE
:1026D4002C030020074A08B5136843F01003136065
:1026E400032000F01BF80020FFF7D0FFFFF774F978
:1026F400002008BD00200240034A044B11681B78E7
:102704000B441360704700BFD81100202803002039
:10271400014B1868704700BFD81100200749CA68E8
:1027240022F4E0620302120403F4E063120C134384
:1027340043F0BF6343F40033CB60704700ED00E027
:10274400164B30B5DC68C4F30224C4F10703251D1D
:10275400042B28BF0423062D4FF0FF358CBF033C08
:10276400002405FA03F321EA0303A54022EA050243
:10277400A340002843EA0203ACBF00F16040084ACA
:102784004FEA0313B8BF00F00F00DBB2AABF00F595
:102794006140135480F8003330BD00BF00ED00E009
:1027A40014ED00E0002807DB4109044A00F01F0093
:1027B4000123834042F82130704700BF00E100E06C
:1027C4000138B0F1807F0BD24FF0E023054A586105
:1027D400F02182F823100020072298611A617047C3
:1027E4000120704700ED00E00B4AD36813F010039A
:1027F40005D00A49CB6943F00203CB611023D268A8
:10280400520706D50549CA6942F00102CA6143F07C
:102814000403014AD360704700200240E011002005
:10282400064B186910F0800007D0054A5A6002F17F
:1028340088325A601869C0F3C01070470020024003
:1028440023016745034A136943F0800313610020A1
:10285400704700BF0020024070B50546FFF758FFDF
:102864000F4C0646E368D9070FD4E3689A0644BFC1
:102874002023E360E368DB0603D4E06810F004007F
:1028840007D0FFF7B1FF012003E0681CEAD00DB9BF
:10289400032070BDFFF73CFF801BA842E2D9F7E795
:1028A400002002402DE9F84FDFF894A01F469AF863
:1028B4001830012B0546884691463FD001234CF23F
:1028C40050308AF81830FFF7C7FF90BB012D03D0B2
:1028D400022D14BF042502250026DFF868B0334614
:1028E4003401C4F12001A4F1200207FA01F129FA0C
:1028F40004F4CAF81C300C4327FA02F21443DBF840
:102904001020A4B242F00102CBF810204CF2503057
:1029140028F81640FFF7A0FFDBF8102022F0010290
:10292400CBF8102028B90136F2B295424FF00003DB
:10293400D6D800238AF81830BDE8F88F0220FBE7C8
:10294400E011002000200240064B0022DA61064B11
:102954001A6942F004021A611A6942F040021A61CB
:10296400704700BFE011002000200240064B002207
:10297400DA61064B1A6942F002021A6158611A6957
:1029840042F040021A617047E0110020002002402A
:102994002DE9F041DFF8908098F81830012B0546B6
:1029A4000F463DD0012488F818400368A3424CF236
:1029B400503014D1FFF750FF28B10120002388F8CC
:1029C4001830BDE8F0814CF25030FFF7BDFFFFF73F
:1029D40043FF144A136923F004031361EEE7FFF77E
:1029E4003BFF0028E9D14FF0FF333B6020466E687F
:1029F4000C4CD5E9013203EBC223B342DED9304695
:102A0400FFF7B4FF4CF25030FFF726FF236923F0A1
:102A14000203236108B13E60D0E706F50066E8E7EB
:102A24000220CEE700200240E01100202DE9F74FFC
:102A3400DFF89491624C00230A6832FA03F502D15C
:102A440003B0BDE8F08F012505FA03F818EA020285
:102A540000F0A8804E68032706F003054FEA430EF2
:102A640007FA0EFC6F1E012F6FEA0C0C34D887682E
:102A740007EA0C0ACF6807FA0EF747EA0A078760E5
:102A8400476827EA0808C6F300179F4047EA080783
:102A94004760C76807EA0C088F6807FA0EF747EA29
:102AA4000807022DC76019D14FEAD30800EB880844
:102AB40003F0070AD8F820704FEA8A0A4FF00F0B88
:102AC4000BFA0AFB27EA0B0B0F6907FA0AF747EA26
:102AD4000B07C8F8207001E0032DDAD1076805FA66
:102AE4000EF507EA0C073D4316F4403F056059D044
:102AF400D9F8185045F00105C9F81850D9F81850FC
:102B040023F0030707F1804705F0010507F5803737
:102B1400019503F0030C019DBD684FEA8C0C4FF046
:102B24000F0E0EFA0CFEB0F1904F25EA0E0E3BD0BC
:102B3400244DA8423AD005F58065A84238D005F561
:102B44008065A84236D005F58065A84234D005F5E5
:102B54008065A84232D005F58065A84214BF0725D8
:102B6400062505FA0CF545EA0E05BD602568D74330
:102B740016F4803F0CBF3D4015432560656816F48C
:102B8400003F0CBF3D4015436560A56816F4801FE7
:102B94000CBF3D401543A560E568B60254BF3D40F7
:102BA4001543E560013347E70025DAE70125D8E757
:102BB4000225D6E70325D4E70425D2E70525D0E787
:102BC4000004014000040048001002400AB1816181
:102BD40070478162704703689A69910744BF002275
:102BE4009A629A69D2075EBF9A6942F001029A61B9
:102BF4007047000030B5039D046845EA02421A4359
:102C0400054B6068C1F3090143EA55530A4320EABE
:102C140003000243626030BDFF63FF03F8B503683D
:102C24000446986910F010000E46174639D05A68C9
:102C3400910103D45A6842F480425A602568AB6912
:102C44009B0617D510232026EB612046EE61FFF783
:102C5400C2FF6B6823F0FF7323F48B3323F4FF73F9
:102C640023F001036B60636C43F00403636484F832
:102C740041600FE0721CE2D0FFF74AFDC01B8642A0
:102C840001D3002EDAD1636C43F020036364202364
:102C940084F84130002384F84230002384F8403023
:102CA4000120F8BD70B504460D46164623689B699D
:102CB4009B0701D500201BE0324629462046FFF73A
:102CC400ADFFA0B96A1CF1D0FFF722FD801BA8421A
:102CD40001D8002DEAD1636C43F020036364202300
:102CE40084F84130002384F8423084F840300120D5
:102CF40070BD70B504460D46164623689B699B0655
:102D040001D5002019E0324629462046FFF786FF08
:102D140090B9FFF7FDFC801BA84201D8002DECD12F
:102D2400636C43F020036364202384F84130002360
:102D340084F8423084F84030012070BD2DE9F04120
:102D4400069F0446884616461D462268936938EA5B
:102D540003030CBF01230023B34201D0002015E07C
:102D64006B1CF3D0FFF7D4FCC01BA84201D8002D84
:102D7400EBD1636C43F020036364202384F8413077
:102D8400002384F8423084F840300120BDE8F0810B
:102D94002DE9F341DDE908781E46174B00930546FB
:102DA40014464FF08073F2B2FFF724FF42463946CF
:102DB4002846FFF777FF18B1012002B0BDE8F08183
:102DC400012E2B680DD1E4B29C620022CDF8008064
:102DD4003B4680212846FFF7B1FF003818BF012089
:102DE400EBE7220A9A62394642462846FFF75AFF21
:102DF4000028E1D12B68E6E7002000802DE9F341AB
:102E0400DDE908781E46174B009305461446002357
:102E1400F2B2FFF7EFFE424639462846FFF742FF7B
:102E240018B1012002B0BDE8F081012E2B680DD14C
:102E3400E4B29C620022CDF800803B464021284643
:102E4400FFF77CFF003818BF0120EBE7220A9A62E3
:102E5400394642462846FFF725FF0028E1D12B6872
:102E6400E6E700BF0020008010B5044600284AD0E1
:102E740090F8413003F0FF021BB980F84020FEF7C0
:102E8400C3FD242384F8413023681A6822F0010228
:102E94001A60626822F070621A619A6822F4004231
:102EA4009A60D4E90221012924D142F400429A60B3
:102EB4005A6842F0007242F400425A60DA6822F41E
:102EC4000042DA60D4E904210A43A16942EA0122FA
:102ED400DA60D4E907210A431A601A6842F0010251
:102EE4001A6000202023606484F84130206384F851
:102EF400420010BD42F4044202299A6004BF4FF418
:102F040000625A60D4E70120F3E72DE9F74F9A46AF
:102F140090F84130BDF834B0DDF83880202B0446F9
:102F24000E46914640F0A4800C9B13B1BBF1000FF8
:102F340006D14FF400736364012003B0BDE8F08F41
:102F440090F84030012B00F09380012780F8407006
:102F5400FFF7DEFB3A460090054619234FF4004183
:102F64002046FFF7EBFE07460028E5D1212384F82D
:102F74004130402384F842300C9B60646362606398
:102F8400A4F82AB05346CDE900854A463146204686
:102F9400FFF7FEFE10B184F84070CDE7638D9BB25D
:102FA400FF2B55D9FF2222854FF0807300903146C4
:102FB4002046FFF71FFE2A4641462046FFF772FED1
:102FC4000028B9D1636A226813F8011B9162636215
:102FD400638D228D013B9BB26385638D013A92B26E
:102FE4009BB22285ABB1A2B900954346802120460D
:102FF400FFF7A4FE00289FD1638D9BB2FF2B2FD92E
:10300400FF2222854FF08073009031462046FFF75F
:10301400F1FD638D9BB2002BCDD12A46414620465B
:10302400FFF767FE002887D123682021D9615A68F9
:1030340022F0FF7222F48B3222F4FF7222F001029A
:103044005A6084F8411084F8400084F8420074E720
:10305400628D92B222854FF000730090D2B2A6E73F
:10306400628D92B222854FF000730090D2B2CCE709
:10307400022062E72DE9F74F9A4690F84130BDF8F7
:1030840034B0DDF83880202B04460E46914640F0DB
:10309400A8800C9B13B1BBF1000F06D14FF4007351
:1030A4006364012003B0BDE8F08F90F84030012B39
:1030B40000F09780012780F84070FFF729FB3A461B
:1030C4000090054619234FF400412046FFF736FED1
:1030D40007460028E5D1222384F84130402384F8B0
:1030E40042300C9B606463626063A4F82AB0534668
:1030F400CDE900854A4631462046FFF77FFE10B1F0
:1031040084F84070CDE7638D9BB2FF2B364B58D9C2
:10311400FF22228500934FF0807331462046FFF74B
:1031240069FD00954346002204212046FFF706FE70
:103134000028B6D123685A6A636A1A70636A228DBA
:1031440001336362638D013B9BB26385638D013AF6
:1031540092B29BB22285ABB1A2B9009543468021BD
:103164002046FFF7EBFD00289BD1638D9BB2FF2B1C
:103174002FD9FF2222854FF08073009031462046DC
:10318400FFF738FD638D9BB2002BCAD12A46414616
:103194002046FFF7AEFD002883D123682021D961A2
:1031A4005A6822F0FF7222F48B3222F4FF7222F06A
:1031B40001025A6084F8411084F8400084F8420007
:1031C40070E7628D92B222850093D2B24FF0007301
:1031D400A3E7628D92B222854FF000730090D2B2C1
:1031E400CCE702205EE700BF002400802DE9FF4702
:1031F4001D460023039390F84130202B044690464B
:103204007CD103689B6913F4004377D190F8402084
:10321400012A73D0012280F84020C1F30906242238
:1032240080F8412046F420594364E3682268012B66
:1032340006BF46F0007343F400534B465360FFF758
:1032440067FA0746226893699269C3F34013C2F38D
:103254000012134313D023689A69009712F01002E6
:103264002B4623D120212046FFF768FDD0B92268E0
:103274002023D36184F8413084F8400013E06B1CB0
:10328400E0D0FFF745FAC01BA84201D8002DD9D1E0
:10329400202384F84130636C43F0200363640023EB
:1032A40084F84030012004B0BDE8F08700222021DA
:1032B4002046FFF743FD02460028F3D1236810217E
:1032C4004FF0200AD961C3F81CA0039941450ED1DF
:1032D400596841F480415960204600972B46514675
:1032E400FFF72CFD0028DDD12368C3F81CA0039B45
:1032F40001330393039B434597D3C9E70220D2E7E5
:1033040010B590F84120202A0346D4B21CD190F87D
:103314004020012A18D0242280F841200268106835
:1033240020F001001060106820F4805010601068D4
:10333400014311601168002041F00101116083F81C
:10334400414083F8400010BD0220FCE710B590F81E
:103354004120202A0346D4B21BD190F84020012AF0
:1033640017D0242280F841200268106820F0010060
:103374001060106820F4706040EA01211160116847
:10338400002041F00101116083F8414083F84000BE
:1033940010BD0220FCE738B5044638B303684CF688
:1033A400CC421A6045F255521A6042685A608268EB
:1033B4009A60FFF7ADF905462368DA68520706D12B
:1033C4001969E26891420DD01A61002038BDFFF7F7
:1033D4009FF9401B2728EFD92368DB685907EBD0F6
:1033E4000320F3E74AF6AA221A60EEE70120EDE78C
:1033F40003684AF6AA221A600020704770B5314C5F
:10340400236843F001032360FFF782F9054623682C
:103414009B0741D5236823F0F80343F0800323601E
:103424006268294B13406360FFF772F941F28836F2
:103434000546636813F00C0F36D1244B244A1A60F6
:10344400244B1868FFF722F90546002838D1236871
:1034540023F0847323F480332360236823F48023CC
:103464002360FFF755F90646236813F0007321D152
:103474006360E3622363A26842F41F02A260A36054
:103484004FF0807292FAA2F2134BB2FA82F2134412
:103494009B0001221A6005E0FFF73AF9401B02285D
:1034A400B5D90325284670BDFFF732F9401BB04259
:1034B400BFD9F6E7FFF72CF9801B0228D4D9F0E72F
:1034C4000125EFE7001002400CC0FFF824030020A0
:1034D40000127A002C030020208190102DE9F3477C
:1034E4000446002836D00368DF0711D423689E07FA
:1034F40000F1858023681D0700F1F28023685807D6
:1035040000F13781A369002B40F0BD81002043E026
:10351400B44D6B6803F00C03042B0AD06B6803F002
:103524000C03082B18D16B6803F4C033B3F5803F48
:1035340012D14FF4003393FAA3F2296893FAA3F358
:103544000122B3FA83F302FA03F30B42CED0636889
:10355400002BCBD101201FE06368B3F5803F1ED15F
:103564002B6843F480332B60FFF7D2F84FF4003715
:1035740006464FF0010897FAA7F32A6897FAA7F3CB
:10358400B3FA83F308FA03F31342AFD1FFF7C0F899
:10359400801B6428EFD9032002B0BDE8F087FBB993
:1035A4002B6823F480332B602B6823F480232B6057
:1035B400FFF7AEF84FF4003706464FF0010897FACC
:1035C400A7F32A6897FAA7F3B3FA83F308FA03F385
:1035D40013428BD0FFF79CF8801B6428EFD9DAE7FD
:1035E400B3F5A02F2B6803D143F480232B60B7E7F6
:1035F40023F480332B602B6823F48023B3E7794DC5
:103604006B6813F00C0F0AD06B6803F00C03082BE3
:1036140022D16B6803F4C033B3F5004F1CD10223ED
:1036240093FAA3F2296893FAA3F30122B3FA83F37A
:1036340002FA03F30B4202D0E36893428AD1296869
:10364400F82292FAA2F22369B2FA82F2934021F0AC
:10365400F80213432B604DE7E2680126FAB196FAAB
:10366400A6F3B3FA83F303F1845303F584139B00A5
:103674004FF002081E60FFF74BF8074698FAA8F3CC
:103684002A6898FAA8F3B3FA83F306FA03F3134209
:10369400D5D1FFF73DF8C01B0228EFD97BE796FA96
:1036A400A6F3B3FA83F303F1845303F584139B0065
:1036B4004FF002081A60FFF72BF8074698FAA8F3B0
:1036C4002A6898FAA8F3B3FA83F306FA03F31342C9
:1036D4003FF410AFFFF71CF8C01B0228EED95AE7DD
:1036E4006269404E404901250AB395FAA5F3B3FA3D
:1036F40083F30B449B0002271D60FFF709F8804603
:1037040097FAA7F397FAA7F397FAA7F3726A97FAC7
:10371400A7F3B3FA83F305FA03F313427FF4EEAE8F
:10372400FEF7F6FFA0EB08000228E9D933E795FA83
:10373400A5F3B3FA83F30B449B0002271A60FEF748
:10374400E7FF804697FAA7F397FAA7F397FAA7F348
:10375400726A97FAA7F3B3FA83F305FA03F31342F1
:103764003FF4CCAEFEF7D4FFA0EB08000228E9D961
:1037740011E71C4DEB69D90031D4EB6943F0805358
:10378400EB61EB6903F080530193019B0126174F12
:103794003B68DA052CD5A368012B3AD12B6A43F098
:1037A40001032B62FEF7B4FF022780464FF00109A4
:1037B40041F2883A97FAA7F397FAA7F32A6A97FA95
:1037C400A7F3B3FA83F309FA03F3134254D0002E98
:1037D4003FF498AEEB6923F08053EB6192E6002648
:1037E400D5E700BF00100240208190100070004017
:1037F4003B6843F480733B60FEF78AFF80463B6876
:10380400DB05C8D4FEF784FFA0EB08006428F6D9D2
:10381400C1E61BBB2B6A23F001032B622B6A23F046
:1038240004032B62FEF774FF022780464FF0010960
:1038340041F2883A97FAA7F397FAA7F32A6A97FA14
:10384400A7F3B3FA83F309FA03F31342BFD0FEF7E5
:103854005FFFA0EB08005045ECD99CE6052B2B6AD2
:1038640003D143F004032B6298E723F001032B6296
:103874002B6A23F0040394E7FEF74AFFA0EB080049
:10388400504597D987E64C4D6A6802F00C02082A25
:103894007AD0022B4FF0807353D193FAA3F3B3FA87
:1038A40083F303F1845303F584139B0000221A600D
:1038B400FEF72EFF4FF000780746012698FAA8F38A
:1038C4002A6898FAA8F3B3FA83F306FA03F31342C7
:1038D40031D1EB6A626A23F00F031343EB62D4E93C
:1038E40007136A680B4322F4761213436B604FF09C
:1038F400807393FAA3F3B3FA83F303F1845303F5C8
:1039040084139B0001271E60FEF702FF4FF0007630
:10391400044696FAA6F32A6896FAA6F3B3FA83F352
:1039240007FA03F313427FF4F1ADFEF7F1FE001B37
:103934000228EED92FE6FEF7EBFEC01B0228BDD904
:1039440029E693FAA3F3B3FA83F303F1845303F55B
:1039540084139B0000221A60FEF7DAFE4FF0007613
:103964000446012796FAA6F32A6896FAA6F3B3FA50
:1039740083F307FA03F313423FF4C8ADFEF7C8FE1E
:10398400001B0228EED906E6012B3FF4E3AD6B6879
:10399400E269E86A03F4C03191427FF4DBAD226A44
:1039A40003F4701393427FF4D5AD636A00F00F0003
:1039B400C01A18BF0120EFE50010024011494B68FE
:1039C40003F00C02082A1AD14FF4701292FAA2F2F0
:1039D4000F20B2FA82F2C96A90FAA0F003F47013CD
:1039E400D340094AB0FA80F001F00F01D35CC14022
:1039F4000648415C0648B0FBF1F058437047044860
:103A0400704700BF001002402C4900081C49000800
:103A140000127A002DE9F0410D46044610B9012048
:103A2400BDE8F0814A4A136803F007038B422ED3A2
:103A34002268910736D4D2073CD4454A136803F070
:103A44000703AB4270D82268424D12F0040F77D1BD
:103A5400130706D56B68226923F4605343EAC20353
:103A64006B60FFF7ABFF6B68F02292FAA2F2B2FA36
:103A740082F203F0F003D340374AD35CD840374B8B
:103A84001860374B1868FEF701FE0020C8E713687A
:103A940023F007030B431360136803F007038B42FF
:103AA400BDD1C5E72B49A0684B6823F0F00303435D
:103AB4004B60C0E76268274E012A24D14FF40033DB
:103AC40093FAA3F1316893FAA3F3B3FA83F302FAF6
:103AD40003F30B42A3D0736823F00303134373600F
:103AE400FEF716FE41F2883807467368626803F0F1
:103AF4000C03B3EB820FA0D0FEF70AFEC01B4045B7
:103B0400F3D903208CE7022A0CBF4FF00073022381
:103B140093FAA3F1306893FAA3F30121B3FA83F380
:103B240001FA03F30342D5E7136823F007032B4399
:103B34001360136803F00703AB427FF470AF82E7AE
:103B44006B68E16823F4E0630B436B6080E700BFBC
:103B540000200240001002400C4900082403002009
:103B64002C030020084B4FF4E0625B6892FAA2F247
:103B7400B2FA82F203F4E063D340044AD35C044A09
:103B84001068D840704700BF001002400449000884
:103B940024030020084B4FF460525B6892FAA2F2AF
:103BA400B2FA82F203F46053D340044AD35C044A69
:103BB4001068D840704700BF001002400449000854
:103BC4002403002003682DE9F347D903044624D5D0
:103BD400974DEB69DA0000F1D080EB6943F0805334
:103BE400EB61EB6903F080530193019B0126914F34
:103BF4003B68DB0540F1C3802B6A626813F44073B1
:103C040040F0D2802B6A626823F4407313432B6222
:103C14001EB1EB6923F08053EB612368DA0706D504
:103C24008349A0680A6B22F0030202430A639F07D8
:103C340006D57F49E0680A6B22F4403202430A63E6
:103C44005E0706D57A4920690A6B22F440220243B2
:103C54000A639D0606D57649E0690A6B22F01002D4
:103C640002430A63980306D57149606D4A6822F4D9
:103C7400800202434A60590606D56D49206A0A6BE0
:103C840022F0200202430A635A0306D56849606A97
:103C94000A6B22F0400202430A631F0706D56449F7
:103CA40060690A6B22F4401202430A63DE0606D5F9
:103CB4005F49A0690A6B22F4400202430A639D052E
:103CC40006D55B49206B4A6822F4000202434A602D
:103CD400180606D55649A06ACA6A22F4F872024345
:103CE400CA62D90506D55249E06ACA6A22F47852F2
:103CF4000243CA62DA0406D54D49606B0A6B22F4AA
:103D0400807202430A639F0406D54949206C0A6BFA
:103D140022F4007202430A63DE0206D54449A06B12
:103D24000A6B22F0807202430A639D0206D5404961
:103D3400E06B0A6B22F0007202430A63580206D554
:103D44003B49606C0A6B22F4806202430A631902E5
:103D540006D53749A06C0A6B22F4006202430A6359
:103D6400DA0106D53249E06C0A6B22F400520243B0
:103D74000A639B0154D4002013E0002637E73B6814
:103D840043F480733B60FEF7C3FC80463B68D80570
:103D94003FF532AFFEF7BCFCA0EB08006428F5D970
:103DA400032002B0BDE8F08702F440729A423FF467
:103DB40029AF296A4FF4803321F4407093FAA3F2B7
:103DC400DFF874C0B2FA82F26244920001271760ED
:103DD40093FAA3F3B3FA83F363449B000022C90765
:103DE4001A6028627FF50EAFFEF792FC4FF00208CE
:103DF400814641F2883A98FAA8F398FAA8F32A6A15
:103E040098FAA8F3B3FA83F307FA03F313427FF49F
:103E1400F9AEFEF77DFCA0EB09005045EBD9BFE7F6
:103E2400034A216D136B23F400430B431363A2E78E
:103E340000100240007000400081901090F83D3066
:103E4400012B2FD1022380F83D300368DA6842F059
:103E54000102DA60144A934216D0B3F1804F13D0B2
:103E6400A2F5943293420FD002F5806293420BD0B4
:103E740002F59632934207D002F54062934203D092
:103E840002F58052934207D19968084A0A40062AEB
:103E940006D0B2F5803F03D01A6842F001021A60DE
:103EA4000020704701207047002C014007000100EA
:103EB4007047704770477047704703681A699107E5
:103EC40010B504460FD5DA6892070CD56FF00202DC
:103ED4001A61012202779B69990700F08580FFF738
:103EE400E9FF0023237723681A69520710D5DA689B
:103EF40050070DD56FF004021A61022222779B69E4
:103F040013F4407F204675D0FFF7D4FF00232377B6
:103F140023681A6911070FD5DA6812070CD56FF0F8
:103F240008021A6104222277DB699B07204667D0C6
:103F3400FFF7C0FF0023237723681A69D00610D542
:103F4400DA68D1060DD56FF010021A6108222277C3
:103F5400DB6913F4407F204658D0FFF7ABFF002302
:103F6400237723681A69D20708D5DA68D00705D5FC
:103F74006FF001021A612046FFF79AFF23681A695D
:103F8400110608D5DA68120605D56FF080021A61A9
:103F9400204600F028F923681A69D00508D5DA68A4
:103FA400110605D56FF480721A61204600F01CF9E1
:103FB40023681A69520608D5DA68500605D56FF0E9
:103FC40040021A612046FFF777FF23681A699106B9
:103FD40022D5DA6892061FD56FF0200220461A61B6
:103FE400BDE8104000F0FEB8FFF763FF2046FFF77E
:103FF40062FF76E7FFF75DFF2046FFF75CFF85E78A
:10400400FFF757FF2046FFF756FF93E7FFF751FFEF
:104014002046FFF750FFA2E710BD0000324A0368B4
:10402400904212D0B0F1804F0FD0A2F5943290425A
:104034000BD002F58062904207D002F5963290428E
:1040440003D002F5E052904215D14A6823F0700380
:104054001343254A90421DD0B0F1804F1AD0A2F5E7
:104064009432904216D002F58062904212D002F54A
:10407400963290420ED01D4A90420BD002F58062D7
:10408400904207D002F58062904203D002F50062AC
:10409400904203D1CA6823F4407313434A6923F05E
:1040A4008003134303608B68C3620B6883620E4B07
:1040B400984213D003F5006398420FD003F5406390
:1040C40098420BD003F58063984207D003F58063D0
:1040D400984203D003F50063984201D10B6903634E
:1040E40001234361704700BF002C014000400140A0
:1040F40010B5044650B390F83D3003F0FF021BB9ED
:1041040080F83C20FDF7B6FC0223206884F83D309B
:10411400211DFFF783FF012384F84830002084F831
:104124003E3084F83F3084F8403084F8413084F8DD
:10413400423084F8433084F8443084F8453084F8BD
:10414400463084F8473084F83D3010BD0120FCE748
:1041540030B590F83C30012B04464FF002003DD0BE
:1041640023681F4D84F83D00AB425A68986807D015
:1041740005F50065AB4203D005F5E055AB4203D12C
:104184004D6822F470022A430D6822F070022A431B
:104194005A60134A934216D0B3F1804F13D0A2F55C
:1041A400943293420FD002F5806293420BD002F511
:1041B4009632934207D002F54062934203D002F54F
:1041C4008052934204D1896820F080020A439A60A5
:1041D4000123002084F83D3084F83C0030BD00BF4A
:1041E400002C0140704770477047000038B5044602
:1041F400C0692169A26823680A4361691D680A438A
:104204006049024329400A431A605A68E168256AF2
:1042140022F440520A435A609968A26921F4306139
:104224002A430A439A60584A934212D1574B1B6B54
:1042340003F00303022B00F09380032B22D0012B05
:1042440040F09480B0F5004F40F08780FFF7B6FB54
:104254006CE04F4A93422FD14C4B1B6B03F4403319
:10426400B3F5003F7CD00AD8002B00F08580B3F56D
:10427400803FE7D001200023C4E9193338BDB3F5EA
:10428400403FF7D1B0F5004F424857D16268530818
:1042940003EB4003B3FBF2F39AB2A2F110004FF622
:1042A400EF718842E6D823F00F0321689BB2C2F372
:1042B40042021343CB603BE0374A93420FD1334B66
:1042C4001B6B03F44023B3F5002F49D004D8002B13
:1042D40052D0B3F5802FCCE7B3F5402FD1E72F4A66
:1042E40093420FD1294B1B6B03F44013B3F5001F0A
:1042F40036D004D8002B3FD0B3F5801FB9E7B3F50F
:10430400401FBEE7264A9342B4D1204B1B6B03F4F3
:104314004003B3F5000F23D003D86BB3B3F5800F7C
:10432400A7E7B3F5400FACE7FFF734FC0028ADD1A5
:104334000020A0E7FFF716FC0028F9D0626800EB24
:104344005203B3FBF2F39BB2A3F110014FF6EF72E9
:1043540091428FD82268D360EAE7FFF72FFBEBE79F
:10436400B0F5004F92D04FF40040E7E7B0F5004FAE
:10437400DAD0FFF70FFCDFE7B0F5004FDAD1FFF733
:10438400F1FBD3E7F369FFEF00380140001002406E
:104394000044004000127A0000480040004C0040F5
:1043A40000500040436ADA0710B506D50168846AF4
:1043B4004A6822F4003222434A609C0706D5016809
:1043C400C46A4A6822F4803222434A60590706D5F7
:1043D4000168046B4A6822F4802222434A601A0767
:1043E40006D50168446B4A6822F4004222434A60BD
:1043F400DC0606D50168846B8A6822F48052224365
:104404008A60990606D50168C46B8A6822F4005252
:1044140022438A605A060FD50168046C4A6822F464
:1044240080122243B4F5801F4A6005D14A68446C67
:1044340022F4C00222434A601B0606D50268816C3E
:10444400536823F400230B43536010BD2DE9F84354
:10445400DDF8209005460F46164698462A68D3692B
:1044640037EA03030CBF01230023B34201D0002029
:1044740027E0B9F1FF3FF2D0FEF74AF9A0EB0800BC
:1044840048452C6802D8B9F1000F1CD154E8003F0C
:1044940023F4D07344E80032002AF7D104F108036E
:1044A40053E8003F23F0010304F1080141E800321E
:1044B400002AF3D12023AB67EB67002385F874301F
:1044C4000320BDE8F88323685A07C7D5E3691B05B1
:1044D400C4D54FF40063236254E8003F23F4D0733F
:1044E40044E80032002AF7D104F1080353E8003FFE
:1044F40023F0010304F1080141E80032002AF3D15A
:104504002023AB67EB67C5F88030D6E773B5044664
:104514000026C0F88060FEF7FBF823681B681A07C2
:10452400054616D423681B685B070AD56FF07E43E3
:10453400009300222B464FF480012046FFF786FFAC
:1045440098B920230020A36784F87400E3672066E9
:104554000CE06FF07E430093324603464FF40011A3
:104564002046FFF773FF0028DCD0032002B070BDA3
:1045740010B5044640B3836F1BB980F87430FDF75F
:10458400B1FA22682423A367136823F0010313609C
:104594002046FFF72BFE012816D0636A13B120468C
:1045A400FFF700FF23685A6822F490425A609A6821
:1045B40022F02A029A601A6842F0010220461A6028
:1045C400BDE81040FFF7A2BF012010BD024403461E
:1045D400934200D1704703F8011BF9E770B50D4D04
:1045E4000D4C641BA4100026A64209D10B4D0C4CA3
:1045F40000F018F8641BA4100026A64205D170BD73
:1046040055F8043B98470136EEE755F8043B9847C4
:104614000136F2E73C4900083C4900083C490008DF
:1046240040490008F8B500BFF8BC08BC9E46704776
:0C463400F8B500BFF8BC08BC9E467047FB
:10464000424C2D506C756726506C617920434F4F5A
:104650004C455220554E495400424C2D506C7567C4
:1046600026506C61792054494720444300424C2D28
:10467000506C756726506C61792057495245204629
:10468000454544455200424C2D506C756726506C90
:10469000617920544947204143444300424C2D5006
:1046A0006C756726506C617920504C41534D410028
:1046B000424C2D506C756726506C61792035004254
:1046C0004C2D506C756726506C61790044454255FD
:1046D00047005354415449535449430020007374D4
:1046E00061746973746963735F7061636B6574731C
:1046F0005F3438355F6F6B0073746174697374690C
:1047000063735F7061636B6574735F3438355F6BBF
:104710006F00616C61726D5F343835006D61785F78
:1047200062745F3530757328757329006D6564692F
:10473000615F62745F3530757328353075733D3352
:1047400036303029006D61785F62745F316D732897
:10475000757329006D61785F62745F31306D732805
:10476000757329006E756D6265725F7661725F7434
:10477000616200696E646963655F7661720074618D
:10478000626C655F69735F6F6B006465627567314A
:104790000064656275673200646562756733006442
:1047A00065627567340064656275673500646562CB
:1047B00075673600646562756737006465627567A2
:1047C0003800646562756739006465627567313009
:1047D0000072657365745F636F6E646974696F6E90
:1047E000006170705F73697A655F696E5F345F62E4
:1047F000797465006C6F636174696F6E5F6F63637A
:1048000075706965645F696E5F345F6279746500B5
:104810006C6F636174696F6E5F6F636375706965F8
:10482000645F696E5F345F627974655F736176653A
:1048300064006572726F725F68645F34383500655A
:1048400072726F725F7061636B6574006572726F14
:10485000725F666C61736800706167655F65726145
:1048600073656400636865636B5F646174613100E4
:10487000636865636B5F646174613200636865637C
:104880006B5F646174613300636865636B5F64616F
:1048900074613400636865636B5F646174613500E3
:1048A0006578697374696E675F636F6465007661CC
:1048B0006C69645F636F6465007472795F636F64D1
:1048C000650070686173655F75706461746500612F
:1048D0006464726573735F6E65775F636F646500B0
:1048E000CC4600083801002000000000D246000835
:1048F0000000002000000000DD460008000000006D
:10490000000000000000000001020304000000009D
:104910000000000001020304060708090102030465
:1049200005060708090A0B0C0D0E0F1002030405FB
:0C493000060708090A0B0C0D0E0F1010F2
:04493C00B9010008B5
:0449400095010008D5
:10494400D24600088903002001650000DC46000807
:104954008903002001650000DE460008900F002056
:1049640002010000F84600088C0F0020020100003C
:1049740012470008800F002001010000DC460008F7
:1049840089030020016500001C4700085E0F002019
:10499400020000002C470008520F00200200000013
:1049A40045470008460F0020020000005447000855
:1049B400380F002002000000DC46000889030020B4
:1049C4000165000064470008100600200200000092
:1049D400734700080C060020020000007E47000810
:1049E4000E06002002000000DC46000889030020B7
:1049F400016500008A470008300F00200401000010
:104A0400914700082C0F002004010000984700087B
:104A1400280F0020040100009F470008240F0020F5
:104A240004010000A6470008200F00200401000034
:104A3400AD4700081C0F002004010000B447000823
:104A4400180F002004010000BB470008140F0020C9
:104A540004010000C2470008100F002004010000F8
:104A6400C94700080C0F002004010000DD460008BF
:104A74000000000000000000CC460008890300206C
:104A840001650000DC460008890300200165000080
:104A9400D1470008B411002004000000DC460008DF
:104AA4008903002001650000E1470008C4110020CB
:104AB40004000000F4470008C011002004000000B6
:104AC40010480008BC11002004000000DC46000867
:104AD400890300200165000032480008840F00208B
:104AE400020000003F4800080212002002000000FB
:104AF4004C4800080012002002000000DC460008B8
:104B040089030020016500005848000808120020AD
:104B140002000000DC460008890300200165000053
:104B2400644800081C0600200201000070480008C8
:104B34001A060020020100007C4800081806002024
:104B44000201000088480008160600200201000047
:104B5400944800081406002002010000DC46000806
:104B64008903002001650000A0480008BA11002054
:104B740001010000AE480008B91100200101000045
:104B8400B9480008B811002001010000DC46000803
:104B94008903002001650000DE460008900F002014
:104BA40002010000F84600088C0F002002010000FA
:104BB400DC4600088903002001650000C2480008A3
:104BC400A011002001000000CF48000804120020BA
:104BD40004000000DC460008890300200165000091
:104BE4008A470008300F00200401000091470008A4
:104BF4002C0F00200401000098470008280F002013
:104C0400040100009F470008240F00200401000055
:104C1400A6470008200F002004010000AD4700084B
:104C24001C0F002004010000B4470008180F0020E6
:104C340004010000BB470008140F00200401000019
:104C4400C2470008100F002004010000C9470008F3
:104C54000C0F002004010000DD46000800000000E5
:104C64000000000000127A000100000010000000A3
:04C000001122334492
:020000040800F2
:10C80000000001209D850108C91E0108CB1E0108FA
:10C81000CD1E0108CF1E0108D11E01080000000036
:10C82000000000000000000000000000D31E01080E
:10C83000D51E010800000000D71E0108D91E0108FE
:10C84000ED850108ED850108ED850108ED850108FC
:10C85000ED850108ED850108ED850108ED850108EC
:10C86000ED850108ED850108ED850108DD1E010853
:10C87000ED850108ED850108ED850108ED850108CC
:10C88000ED850108ED850108ED850108ED850108BC
:10C89000ED850108ED850108ED850108F51E01080B
:10C8A000ED850108ED850108E1200108ED8501080D
:10C8B000ED850108ED850108ED850108ED8501088C
:10C8C000ED850108ED850108ED850108ED8501087C
:10C8D000ED850108ED850108ED850108ED8501086C
:10C8E000ED850108ED850108ED850108ED8501085C
:10C8F000ED850108ED850108ED850108ED8501084C
:10C90000ED8501080000000000000000ED85010831
:10C91000ED850108ED850108CD250108F525010803
:10C920000926010821260108ED850108ED85010889
:10C9300039260108ED850108000000000000000014
:10C94000ED850108ED850108ED8501080000000076
:10C9500000000000000000000000000000000000D7
:10C96000ED850108ED850108ED850108ED850108DB
:10C97000ED850108ED850108ED850108ED850108CB
:10C98000ED850108ED8501080000000000000000B1
:04C99000ED85010828
:10C9940010B5054C237833B9044B13B10448AFF3F5
:10C9A40000800123237010BD600F002000000000F0
:10C9B400A8B9010808B5034B1BB103490348AFF3F9
:10C9C400008008BD00000000640F0020A8B9010821
:10C9D40070470000F0B5344E344C3778002F45D101
:10C9E4002578002D3DD1F0BD002B45D1DFF8C8C01E
:10C9F4002F4DBCF800E0BEF1000F1FD01FB12F78FF
:10CA0400337001372F70277827B12F78013F2F70AB
:10CA1400002727702F78602F09D864232B700123F7
:10CA2400237001234FF47A75ACF8005024E0672F8B
:10CA3400F8D964232B7001233370F2E764272F7035
:10CA4400F0E702782A44D2B202701A4A012515701E
:10CA54001CE003789B1ADBB20370164B01221A7098
:10CA64001EE0632BC0D13570277004E0632BBBD16B
:10CA7400002327703370012335783DB1077813FB09
:10CA840005F52F449742DCD3D2B2027022783AB132
:10CA9400057813FB02F28B189D42DAD8C9B20170F3
:10CAA4000023337023709EE7181B0020171B0020FF
:10CAB400131B0020161B0020141B0020F0B51D4C76
:10CAC4001D4D26781EB92F78002F2DD1F0BD632B74
:10CAD40003D100232E702370012326787EB10788AA
:10CAE4005E4316FA87F7974237BF0288028016FA28
:10CAF40082F292B23FBF0280104A012616702A7851
:10CB040072B15A4303888E189BB2B34289BF03881B
:10CB140001809B1A9BB281BF0380084B01221A70CB
:10CB2400002323702B70D1E7632BD6D127702E708E
:10CB3400D2E700BF181B0020171B0020161B002083
:10CB4400F0B51E4C1E4D26781EB92F78002F2FD11C
:10CB5400F0BD632B03D100232E70237001232678AC
:10CB640086B1077813FB06F646FA87F79742B7BFF4
:10CB74000278027046FA82F252B2BFBF0270114AC2
:10CB8400012616702A787AB113FB02F203788E1804
:10CB94005BB2B342C9BF037801709B1A5BB2C1BFD9
:10CBA4000370084B01221A70002323702B70CFE707
:10CBB400632BD4D127702E70D0E700BF181B002040
:10CBC400171B0020161B002030B50F4C0B7825785E
:10CBD4000078AB420CD348B90133DBB20B70247834
:10CBE400B3EB440F03DB1070087000E00D7030BD30
:10CBF4000028F9D00133DBB20B7021789942F6D8C2
:10CC040001231370F3E700BF942800202DE9F043BB
:10CC14009D4B9E485C78002C40F089829C4D9D4B36
:10CC24002A689D491B8813440A882B60013292B2FA
:10CC3400072A0A8012D90433B3FBF2F3974A2C6013
:10CC440012880C805343964AC3F30F33138040F683
:10CC5400E4429342934A2AD964231370924B1B886B
:10CC640040F6B7329BB2934240F26182B1F8009031
:10CC7400B9F1010F40F05B828C4B8D4C19788D4BD0
:10CC84008D4D1A888D4B1B780B4315D0BAB9844B44
:10CC94001A882378002B40F0BC80894E2D78377891
:10CCA400002D00F02781874F3B7023702BE1137810
:10CCB400002BD3D0013BD0E742B1814A1370824AA2
:10CCC4000023137003702B702370D0E0744B227810
:10CCD4001B886AB17D4E642B327804D9F92AD6D8E0
:10CCE40001323270D3E70AB1013AFAE72270CEE793
:10CCF400DFF8CC8198F800208AB10278002AC6D1E6
:10CD0400FB3B734E9BB240F24A47BB423278E5D9B3
:10CD1400002AE9D16F4B88F800201A70B7E76E4FEC
:10CD24002E783A7876B1A52B07D96C4B1B7823B1B2
:10CD3400F92AACD801323A70A9E70AB1013AFAE704
:10CD44002A70A4E7A3F1650EDFF880C1BEF13F0F9E
:10CD54009CF80060DFF878E11BD8F92E9ABF013601
:10CD64008CF8006084F80090A63B9BB240F2C56C3E
:10CD7400002663458EF8006023D8584B1B7803B314
:10CD8400F92AD7D901232B7064233B70514B1E70B1
:10CD94007DE716B1013E8CF80060A3F1FB06B6B244
:10CDA40040F24A4C6645DFD84C4E3678002EDBD133
:10CDB4009EF800C0BCF1F90F06D80CF1010C8EF8F6
:10CDC40000C0002ABAD162E7B3F5DE7F19D340F27E
:10CDD400912C634517D9B3F55C7F16D940F26A4CA0
:10CDE400634514D940F2195C634598BF0526DFF802
:10CDF400E4C08CF800603A4E012388F800303370A8
:10CE0400DFE70126F3E70226F1E70326EFE704262E
:10CE1400EDE72C4900230B702B4903702B700B7822
:10CE2400002B40F0C280B2F5897F12D3B2F5127F95
:10CE3400C0F0D280B2F5757FC0F0D08040F2EA53E2
:10CE44009A4240F2CD8040F634139A4294BF0823AC
:10CE54008023244A1370244A10789842234840F0CF
:10CE6400F0800278022A00F2BD8001320270154B74
:10CE7400154A1B781278134314BF012300231C4A5C
:10CE84001370BDE8F08300BF3C1600205918002041
:10CE94006818002070180020661800200A18002066
:10CEA4006E1800206C1800208A240020EA1A002042
:10CEB40063180020A616002061180020E91A00203B
:10CEC4005E1800203F1600205A1800206218002027
:10CED4005D1800205C180020601800205F180020F6
:10CEE4005B18002057180020561800205518002001
:10CEF40096280020904C2378002F49D0012B47D14D
:10CF04008E4B35701D7034780378002C40F09D8072
:10CF1400002D00F00081002B00F0AA8040F6FB03F6
:10CF24009A4200F2A3800470854C86482368864D9B
:10CF34001344027823600132D2B2092A027006D95E
:10CF44000533B3FBF2F32B800023236003702A889C
:10CF54007E4BB3FBF2F340F22E2293427C4A00F262
:10CF64009180002313800023FB22534341F2621279
:10CF7400B3FBF2F37748784C0288784D002A40F0EE
:10CF8400968023700A232B704FF47A7303806EE724
:10CF9400DFF8E0C100278CF80070DFF8DCC18CF802
:10CFA4000070002BAFD0013B7FE640F635139A4268
:10CFB4006B4A0BD90523137000236A4A13706A4A1B
:10CFC40013706A4A13706A4A137050E713780BB1EE
:10CFD400013BF0E70B70EFE701233AE7022338E760
:10CFE400042336E7002B3FF442AF802B01D1012309
:10CFF40013E00022013B0A705A4D5B4C5B485C49CC
:10D00400072B1BD8DFE803F0040B1A111A1A1A169F
:10D0140001232B700023237003700B7027E7012377
:10D024002A70227003700A7021E701232A7023708A
:10D034000270F8E72A7022700270D8E72A70227012
:10D04400F6E7137000230370B7E733B140F6FB0330
:10D054009A420BD80023037009E7002964D040F6F4
:10D06400C4139A427FF603AF01230370012306E73A
:10D0740029B140F6FC039A427FF656AFF4E740F636
:10D08400C413F8E7A3F22E2341F2F814A34298B292
:10D0940003D8962B02D8108065E72346963B108070
:10D0A40041F2621293427FF45FAFFA2362E70029F0
:10D0B40021780CBF032605268F199F4202D20A222B
:10D0C4002A7001E61E448E42F9D32E7816B1013E31
:10D0D4002E70F9E5521A13449BB240F21A4293425D
:10D0E40005D940F2ED33038001312170BFE640F2EF
:10D0F4000642934201D9013B48E740F2B5329342DC
:10D1040004D840F2E33303800139EEE7B3F5757FC9
:10D1140038BF01333AE71BB1B2F57A7F9AD3A5E75A
:10D1240011B140F6FC039CE7B2F52F6F9AE7037840
:10D13400002B9BD19BE600BF5F1800205C180020E9
:10D14400E0170020DC170020DA17002060900F00A1
:10D15400D8170020D617002048180020D417002024
:10D16400581800201D1B00201E1B00201B1B002024
:10D174001C1B00203F1600205A180020F0B5674BF6
:10D1840067491C78002C40F09980664D664B2A68EC
:10D1940066481B88134402882B60013292B2072A26
:10D1A400028012D90433B3FBF2F3614A2C60128873
:10D1B400048053435F4AC3F30F33138040F6E442C1
:10D1C40093425D4A22D9642313705C4B1B8840F65A
:10D1D400B7329BB2934271D90688012E6ED1584B57
:10D1E400584A1D781278584B2A431B8829D153BBBF
:10D1F400564C504B564A277818881378BFB14B28A1
:10D2040009D91D2B0BD80133137008E01378002BB8
:10D21400DBD0013BD8E70BB1013BF5E723704B4B67
:10D224004C4A1B78F3B913704B4A13701DE04C3809
:10D23400352803D81D2BE6D92670F0E7002BEED055
:10D24400EAE7002BEBD0444A002313700B70414BE8
:10D25400414A1B781278134314BF012300233F4A29
:10D264001370F0BD002010700870324A08781288DC
:10D27400002B41D0384C237853B1B2F5E76F384ACC
:10D2840002D90523137019E0137803B3013BF9E7BE
:10D29400E52A07D9B2F5137F13D9B2F5E76F34BF86
:10D2A400022380232F4A13702F4A107898422F4864
:10D2B4001BD10278022A06D8013202700B78FBB91E
:10D2C400C5E70123EEE79BB1802B02D10123237034
:10D2D400F4E7012B264A274803D113700023037077
:10D2E400ECE7012303700023CCE7137000230370E1
:10D2F400204A13701E4AC5E720B1B2F57A7FA5D340
:10D304000123ACE735B140F698039A429FD9012333
:10D314000B70F5E7B2F5166FF8E700BF3C16002076
:10D324004C1800206818002070180020661800208F
:10D334000A1800206E1800206C1800208A2400208F
:10D34400EA1A0020E91A0020A8160020501800202C
:10D354004F180020401600204E1800209528002069
:10D364004D1800204B1800204A18002049180020AE
:10D374001D1B00201E1B00202DE9F04FDFF81CE0D0
:10D384009EF80030A3B05BB9034A138801331380BD
:10D3940023B0BDE8F08F00BFB81A0020BC1A0020EB
:10D3A400B0490A789AB100220A70AF490A80AF499D
:10D3B4000A80AF490A80AF490A80AF490A80AF4961
:10D3C4000A80AF490A80AF490A80AF490A80AF4F4B
:10D3D400AF4AB04C1268B2FBF3F23A80AE4AAF499E
:10D3E4001268B2FBF3F22280AD4ADFF854A312684C
:10D3F400B2FBF3F20A80AB49DFF848930968B1FB4A
:10D40400F3F1AAF80010A849DFF83C830968B1FBDE
:10D41400F3F1A9F80010A549A54D0968B1FBF3F192
:10D42400A8F80010A349A44E0968B1FBF3F12980C0
:10D43400A249A3480968B1FBF3F13180A14EA24986
:10D44400DFF808C30968B1FBF3F131809F4EA049AE
:10D454000968B1FBF3F131809E490968B1FBF3F12E
:10D4640001809D490968B1FBF3F1ACF80010DFF8C5
:10D47400E0C29A490968B1FBF3F1ACF80010DFF897
:10D48400D4C297490968B1FBF3F1ACF80010DFF896
:10D49400C8C294490968B1FBF3F1ACF80010DFF895
:10D4A400BCC291490968B1FBF3F1ACF800108F4993
:10D4B400DFF8ACC20968B1FBF3F1ACF800108C4999
:10D4C4000968B1FBF3F38B490B8000238EF800301D
:10D4D400894B197811F0BF0110D18848DFF884C254
:10D4E400036813FA82F2BCF80030026001339BB285
:10D4F400B3F57A7F80F07B81ACF800308048BAF8CD
:10D50400002003687F49DFF860A21A440B88026098
:10D5140001339BB2B3F57A7F0B8020D3B2FBF3F2D5
:10D5240000230B800360BAF8003077495A438A42DB
:10D534004FEA12334FF00A02C0F0D981A3F2965396
:10D5440053432B22B3FBF2F3C3F119036F4A1BB20B
:10D55400642B13806E4A40F3D3810A2313706D4900
:10D564006D480B68B9F800201A4403880A60013337
:10D574009BB2B3F57A7F038023D3B2FBF3F3674AFC
:10D58400B2F8BA2040F6E44042436548B2FBF3F2F5
:10D5940090F800C0BCF1000F00F0B88193B2B3F56D
:10D5A400616FAAF8003040F2B8810A2202705D4A25
:10D5B400138040F6E443AAF80030574A00230B6076
:10D5C4001380594AB8F8001013685848194403885E
:10D5D400116001339BB2B3F57A7F00F2AD81038011
:10D5E4003B88454F3A78402A40F01E82BAF8002022
:10D5F400DFF878815A434E4B1B78120B002B00F056
:10D60400B9814C4B1B78002B00F0B4814FF47A7332
:10D61400A8F800304849B8F800300888DFF850E12D
:10D62400DFF850C1002B00F0AB81013BA8F80030BB
:10D634000023CEF80030ACF800300B881BB19342C5
:10D6440034BFD31A0023DFF830C13C48BCF80020B3
:10D654000168013292B21944B2F57A7F0160ACF8E4
:10D6640000208BE0BA1A0020B81A0020B61A002055
:10D67400B41A0020B01A0020AE1A0020AA1A002002
:10D68400A81A0020A41A0020A21A0020861A00203A
:10D69400881A00206C1A0020701A0020581A0020E2
:10D6A4005C1A0020441A0020381A00202C1A00208A
:10D6B400181A00201C1A0020C0190020C4190020C8
:10D6C40060190020A4190020A81900208019002046
:10D6D40084190020641900204C19002034190020FA
:10D6E4001819002000190020D4180020B8180020B0
:10D6F4007418002070180020042A0020541A0020F6
:10D704001C1800201818002000605900161800206A
:10D7140014180020101800200C18002000F7FF1F18
:10D7240008180020341A00200418002000180020D3
:10D73400B0280020B2280020F4190020FC19002091
:10D74400401A0020361A00202A1A00204819002006
:10D754003019002014190020FC180020D0180020D3
:10D76400B6180020501A00200A180020EA190020D8
:10D77400F0190020EC190020F819002007D3B1FBA0
:10D78400F2F1974A11800022ACF8002002604FF4B5
:10D79400827253434FF46172B3FBF2F3914A1380E4
:10D7A400914B1A78914B1978914240F02F82002ABC
:10D7B40040F04A8221888E4C8E48236819440378AD
:10D7C40021600133DBB2632B037040F22F81B1FB84
:10D7D400F3F122600270884A1388002B00F02C8237
:10D7E400481C834240F21982013B138019E2B2FBC8
:10D7F400F3F2632AACF800100160DFF828C27F4816
:10D804000BD805238CF800307D4B19700378002B5E
:10D814003FF474AE013B037070E69CF8003013B122
:10D82400013B8CF8003040F61C439A4208D905238A
:10D834000370734B32221A70724B00221A705DE629
:10D844000378002BE6D1D82ADFF8B4B10AD8E7234D
:10D854008BF800306B4A1378002B3FF44FAE013B3A
:10D8640013704BE640F2DE218A4290B20FD819229F
:10D874000092D92140F2DF2205F0A0FB193840B212
:10D8840046288BF800002EDD5E4B0A22D6E7B2F55F
:10D89400CF6F08D21922009240F2DF214FF4CF62F9
:10D8A40005F08CFBEBE740F691139A4207D832233C
:10D8B400009340F6921219234FF4CF61F0E740F63B
:10D8C40047339A4207D84B23009340F64832322319
:10D8D40040F69211E4E76423009340F6AF424B23F1
:10D8E40040F64831DCE73B283FF708AEB2E7C3F522
:10D8F400B263063353432B22B3FBF2F3193325E609
:10D904001378002B3FF42BAE013B27E6BAF8003026
:10D9140001331344C3F34F0341E640F6B732934255
:10D924007FF643AEBCF1000F03D00CF1FF3303705C
:10D9340043E6354A138040E6012303804FF4FA732B
:10D94400B1FBF3F1BAF800304B433049C3F30F3362
:10D954000B80A3F6B83300211160B3F5167F2C4A6F
:10D9640084BF0A2313701378002B3FF439AE013BB4
:10D97400137035E6274B1B789B063FF547AE49E607
:10D98400DEF800301344CEF80030BCF800E00EF1AD
:10D99400010E1FFA8EFEBEF57A7FACF800E0FFF4AC
:10D9A4004CAEB3FBFEF368B90B800B881A48C82B46
:10D9B40094BF0023012303701848002303801848F0
:10D9C40003603AE600F1010C634502D9A1F800C0F6
:10D9D400EBE70133984284BF00F1FF300880E4E7AD
:10D9E400F619002066290020422900201A29002067
:10D9F4002829002026290020242900204E1A00204E
:10DA04004C1A00204D1A0020341A0020FE17002062
:10DA1400FC1700206B290020E8190020EC190020D5
:10DA2400F01900204F1A0020AC4A1380AC4BDFF8E9
:10DA340030C31B789CF80040AA4AAB48AB49002B82
:10DA440000F03181002C40F0288114808CF80030E3
:10DA54001388632B04D801331380002303800B60E5
:10DA640033880A68048813443A780B60402A04F126
:10DA74000104A4B214BF64261426B442048076D3ED
:10DA84000A24B6FBF4F6BAF800409CF800B0B3FBE5
:10DA9400F6F35C4300230380954E96480B60240BF9
:10DAA400BBF1000F00F00681336003809248DFF879
:10DAB400B492DFF8B4820A23611DB1FBF3F1018053
:10DAC4008E4909885943A14238BF641A8C4928BF3A
:10DAD4000024402A04F10504B4FBF3F408BF6423D2
:10DAE4000C804FF0250101FB04F44FF01601B4FB48
:10DAF400F1F40BBF5C435C43A409092318BFB4FBD6
:10DB0400F3F4804BA6B264221E8004F13203B3FB0B
:10DB1400F2F37D4A13807D4A1378591C1170BBF1CE
:10DB2400000F00F049814FEACB0B7949802202A80B
:10DB34000DF02AFF0BF18803B4F5487F0DEB030BBE
:10DB440080F018813BF8803C009300234FF4487226
:10DB54001946304605F032FA6E4AA9F800001378E7
:10DB64000133137098F80030013388F800303978A5
:10DB7400402940F05D812B88BAF80010664ADFF82E
:10DB8400ECC159431378090B002B00F01A81634B45
:10DB94001B78002B00F015814FF47A73ACF8003039
:10DBA4005F48BCF8003004885E4D5F4E002B00F0E7
:10DBB4000E81013BACF8003000232B6033800388D6
:10DBC4001BB18B4234BFCB1A002358495848594CD7
:10DBD4005B080B8001680B4421880360013189B222
:10DBE4006329218006D9B3FBF1F353490B80002349
:10DBF400238003601378514A002B40F02984504B52
:10DC04001B789B0600F1298400F02ABC4D491A7048
:10DC140000230B604C490B70C9E501338B42FFF4C0
:10DC2400E4AD1388494AA3F5C3639BB2B3F5437FBC
:10DC340004D964231370F9E61180F2E71378002BFA
:10DC44003FF4F4AE013BF5E7414B188800283FF45C
:10DC5400EDAE2388DFF818813E4C984288BFC31A82
:10DC6400B8F8000098BF002303220130B3FBF2F39D
:10DC7400226880B203FB03233B282360A8F800003A
:10DC84007FF6D4AEB3FBF0F005F0DBF9324B18802D
:10DC940000232360A8F80030C8E6A3421EBF002476
:10DCA40004800C60D2E6002C3FF4D2AE8CF8003035
:10DCB4001380CDE601883368013189B223440929F0
:10DCC400336001807FF6F2AE6421B3FBF1F32349A4
:10DCD400C6F800B00B80A0F800B0E7E6841A002074
:10DCE400B4290020401800204218002044180020C5
:10DCF400301800202C1800207E1900207A190020EA
:10DD04007C19002034180020361800203818002010
:10DD1400C0B901083A180020B0280020B228002019
:10DD24000C1A0020081A0020041A0020642900207C
:10DD3400141A0020101A00200E1A0020E4190020E2
:10DD44006B29002028290020262900201C290020D6
:10DD540024290020681A0020641A00202A180020B0
:10DD64003E1800203C18002039180020021A002018
:10DD7400661A0020B4F57A7F09D23BF87E3C009302
:10DD84003BF8803C4FF47A724FF44871E1E6B4F505
:10DD9400FA6F3BF87C3C2BBF3BF87A2C0093009243
:10DDA4003BF87E3C39BF4FF4FA624FF47A7140F687
:10DDB400B8324FF4FA61CCE602331370A9F800B01C
:10DDC400D0E6194B1B7898063FF5E6AEE8E6B6F8C0
:10DDD40000C02B680CF1010C1FFA8CFC0B44BCF541
:10DDE4007A7F2B60A6F800C0FFF4E9AEB3FBFCF326
:10DDF40064B9038003880D4CB3F5967F94BF002368
:10DE040001232370002333802B60D8E604F1010C36
:10DE1400634502D9A0F800C0ECE701339C4284BFFB
:10DE240004F1FF340480E5E76B290020001A002088
:10DE3400202940F00882A54B1A88A54B1B889A42DA
:10DE4400C0F0F281D21A4FF496735A43A14B1B8847
:10DE5400B2FBF3F3A04A00211170A04AA048A14CE0
:10DE64001380026899B212FA83F3227803600132B4
:10DE7400D2B2632A22700CD9B3FBF2F3964D9A4ABC
:10DE84002D789BB213800DB15B4213800023237065
:10DE9400036096480368CA18954902600B780133F9
:10DEA400DBB2C82B40F282845B0852080B7002601C
:10DEB400904B91491A8891480B681A4403880A6068
:10DEC40001339BB2B3F57A7F80F0618303808C4881
:10DED4008C4C01888C4B22681B888C4D013189B293
:10DEE40013446429BAF800202360018007D9B3FBE6
:10DEF400F1F353431B0B2B800023236003802B88F7
:10DF04008348844C40F2DC518B42834994BF002304
:10DF140001230B70814B01681B880B44218803602B
:10DF2400013189B26329218026D9B3FBF1F17C4BFD
:10DF340051430913534340F25F2505FB01332F215D
:10DF440093FBF1F36421323393FBF1F375491BB274
:10DF54000B800021016021807349098840F6B730A5
:10DF640089B2814208D913F1A00F704980F28883E5
:10DF74000A2008706E490B806E4B6F481B886F4CEB
:10DF8400534340F209411B0B4B432121B3FBF1F3F3
:10DF940064213233B3FBF1F369490B80016811FA50
:10DFA40083F321880360013189B26329218016D962
:10DFB400B3FBF1F363499BB20B8000210160218024
:10DFC4005949098840F6B73089B2814207D9C72B2D
:10DFD4005D4900F260830A2008705C490B805C484C
:10DFE4005C4B01685C4C1B880B4421880360013145
:10DFF40089B26329218025D9B3FBF1F3534343F656
:10E0040098211B0B4B434FF42961B3FBF1F36421BB
:10E014003233B3FBF1F18DB250490D800021016020
:10E0240021804149098840F6B73089B2814209D933
:10E0340043F2AF618B424A4900F238830A230B70E2
:10E04400484B1D80484D494829780368632900F2EC
:10E054005F83474C24880131234403602970454879
:10E06400454B0168454C1B880B44218803600131F2
:10E0740089B26329218040F28980B3FBF1F35343D1
:10E0840040F209411B0B4B432121B3FBF1F3642103
:10E094003233B3FBF1F33A499BB20B8000210160A8
:10E0A40021802149098840F6B73089B281426DD96F
:10E0B400B32B00F2518333480178132900F24883CB
:10E0C4000131017030490B8060E000BFB6180020B8
:10E0D400A8180020A6180020B4180020C824002086
:10E0E400A01800209E1800209C18002098180020DA
:10E0F40096180020A4190020A01900209E190020C1
:10E10400581900205C1900206019002056190020BD
:10E1140044190020421900205419002048190020F5
:10E12400D0FDFFFF401900208A2400203E19002062
:10E134003C190020301900202C1900202819002037
:10E14400261900202419002022190020201900205B
:10E1540010190020141900200E1900200C19002099
:10E164000A19002008190020800F00207C0F0020CD
:10E17400EC180020CC180020D0180020CA18002069
:10E18400C8180020C6180020C41800208E4C8F4BDD
:10E1940021688F481B880B4401882360013189B2B0
:10E1A400632901801AD9B3FBF1F35343894AC3F3BA
:10E1B400CF231380002202802260874A128840F60F
:10E1C400B73192B28A4209D941F2F7129342834A93
:10E1D40000F2D0820A211170814A13803B78502BBF
:10E1E40040F0D4827F4B80490A221A707F4B804AC8
:10E1F4001B6983F08003C3F3C01302A88DF80830B1
:10E20400FEF7E2FC7B4B7C4A1B697C4983F01003DC
:10E21400C3F3001302A88DF80830FEF7D5FC23B031
:10E22400BDE8F04FFEF7F2BC9B1A132B09D94FF44B
:10E2340096725343724A01211288B3FBF2F3714A76
:10E244000AE6002309E650291DD16F4B6F491B884C
:10E2540040F27162934296BFC3F5CE63A3F2726338
:10E2640002339BB2322B0A8808D9092A02D8013218
:10E274000A801DE6664B01221A7019E60AB1013ABA
:10E28400F6E7634BF8E7302940F09382614B624E26
:10E2940018786249624A00283AD13388614D624C49
:10E2A400632B09D801333380286020805F48002322
:10E2B40003700B80138033E0534B28681B8803449E
:10E2C40020882B60013080B263282080EED9B3FB14
:10E2D400F0F3574E308878B9338033885548A3F526
:10E2E400A5639BB2B3F5257F94BF0023012303707C
:10E2F40000232B602380D9E703F1020C604502D987
:10E3040001383080E9E7023B9842E6D20130F8E771
:10E314000024022834803CD003284FD001281ED08A
:10E32400454C464823680988454D128819440368BA
:10E3340021601A442B88026001339BB2632B2B802B
:10E344007FF6B6ADB1FBF3F1B2FBF3F23D4B3E4EBB
:10E354001A80002331802B8023600360A8E52A4BB8
:10E364001888334B1B88984210D81B1A4FF49670A8
:10E37400434336480088B3FBF0F39BB2322B0B8047
:10E38400CED92A4B01201870002393E714800C8007
:10E39400C6E71D4B264D1B882D88AB4210D35B1B53
:10E3A4004FF496756B43164D2D88B3FBF5F39BB272
:10E3B400322B1380B4D91D4B1870E8E71B4B18702F
:10E3C4000C801480ACE700BFF8180020FC18002073
:10E3D400F4180020F21800208A240020F0180020ED
:10E3E400EE18002094280020E6170020000C0048B6
:10E3F400E717002000040048E5170020E417002078
:10E40400A4180020B4180020B618002044290020C5
:10E4140046290020782900207E1800208A18002030
:10E4240082180020B0180020AC1800209518002095
:10E43400A8180020AA180020901800208418002092
:10E444008C1800208018002088180020A6180020AE
:10E454009C4B1B78002B3FF4D2AB4FF47A731380A0
:10E46400994913880888994C994D3BB3013B138013
:10E47400002323602B800B889648EBB1964A974C77
:10E484001268974D93428CBF9B1A0023A2225343D8
:10E494004FF44372B3FBF2F322882968013292B23B
:10E4A4001944142A2960228006D9B1FBF2F18D4A5D
:10E4B400118000222A6022800380F9E4864A2368BE
:10E4C400126813442A882360013292B2B2F57A7F2B
:10E4D4002A80D0D3B3FBF2F358B90B800B88824A5D
:10E4E400C82B94BF00230123137000232B802360C7
:10E4F400C1E7421C934201D90A80EFE701339842F5
:10E5040084BF00F1FF300880E8E73232B2FBF1F358
:10E514000022984232802A603CBF0B211A1A734EA3
:10E5240038BFB2FBF1F2724936780978714D38BFC1
:10E5340092B231432A80704907D00323042A0B7016
:10E544003FF6B6AC00232B80B2E40A78022A02D844
:10E5540001320A70ACE4B0F5FA7F0BD22380238831
:10E56400664AA3F2DC539BB2B3F5967F09D90A231A
:10E5740013709DE4984201D9431EEFE7EFD2431C88
:10E58400ECE71378002B3FF493AC013BF0E7B2FBCC
:10E59400F3F20023632A03800B60594859490AD8CF
:10E5A40005220A70584A13700378002B3FF48FAC8D
:10E5B400013B03708BE40B780BB1013B0B7040F60D
:10E5C4001C439A4208D9052303704F4B32221A7018
:10E5D4004E4B00221A707AE40378002BE8D1D82A33
:10E5E400494C09D8E7232370484A1378002B3FF499
:10E5F4006EAC013B13706AE440F2DE218A4290B2B1
:10E604000ED819220092D92140F2DF2204F0D6FC60
:10E61400193840B2462820702EDD3C4B0A22D9E737
:10E62400B2F5CF6F08D21922009240F2DF214FF4E5
:10E63400CF6204F0C3FCECE740F691139A4207D88A
:10E644003223009340F6921219234FF4CF61F0E77E
:10E6540040F647339A4207D84B23009340F648329A
:10E66400322340F69211E4E76423009340F6AF426C
:10E674004B2340F64831DCE73B283FF728ACB3E7AF
:10E6840013F18B0FBFF674AC0B78002B3FF474AC12
:10E69400013B0B7070E4B3F5167F3FF69CAC0B782E
:10E6A400002B3FF49CAC013B0B7098E443F6E36011
:10E6B40083423FF6C3AC0B78002B3FF4C3AC013B61
:10E6C4000B70BFE4B2280020E6190020E0190020F6
:10E6D400DC19002068290020C0180020D41900206B
:10E6E400D8190020D0190020D21900208828002031
:10E6F400A8290020B4190020B1190020B019002065
:10E704009C1900209D1900209A1900209B190020B3
:10E71400002101603948018800297FF4A0AC6421FC
:10E72400B3FBF1F353431B0B47F2305443F69821E8
:10E73400A1EB43016343B3FBF1F342F21071CC1A32
:10E744004B430A21B3FBF4F3B3FBF1F3038086E4F8
:10E754002B490A200870B5E4FA2B2949F9D80B781B
:10E7640013B1013B0B7011E526490B78002B3FF4E4
:10E774000DADF6E741F250418B423FF62BAD1378D5
:10E78400002B3FF42BAD013B137027E5002B3EF427
:10E79400FFAD03F0DF02102A04D123B0BDE8F04F2F
:10E7A400FEF7ECBC202B7EF4F3AD38E50B70FFF7DD
:10E7B4007FBB00297FF47CAB134B144C1B88BAF845
:10E7C400002020885A43120B114B30B190423EBFB7
:10E7D400111A0B25B1FBF5F1198019880D4D0E4B5B
:10E7E4000E4E197029680A4431882A60013189B2B1
:10E7F40063293FF68AAE3180FFF75ABBEA1800203E
:10E80400C7180020C6180020C0190020B219002023
:10E81400B6190020BC190020AB290020B81900202B
:10E8240038B51949194A0B78194C042B82BF0023B7
:10E8340013700B701378F92B0ED80133DBB2C82B8D
:10E84400137009D8134B1D789DB1134B1B88022BF1
:10E8540005D812480BF0ABFA0023237038BD104AD8
:10E864001368092B02D801331360F5E70AF01AFC88
:10E87400F2E723780A3B142BEED808480BF097FAFA
:10E88400074B1D60E8E700BF7D2400207C240020A6
:10E894007E24002060320020CA150020F8120020D7
:10E8A4004C24002038B5274B5B6B13F0202F3DD14F
:10E8B40003F0CCFEFFF7B4FF06F0FAFE06F05EFDAF
:10E8C40003F0E8FFFEF758FDFEF782F81E4B1B78B5
:10E8D400202B2CD11D4B4AF230721A6004F0ECFA52
:10E8E40002F00CFF1A4C1B4D07F08AFE09F054FA93
:10E8F40004F096FD184B2A68586A23881749013397
:10E904009BB20244B3F57A7F2A6023800AD3B2FB18
:10E91400F3F2134B1A800023124A23800C882B60D5
:10E9240014800B800B88834238BF088038BD502B7D
:10E9340002D1064B0C4AD0E7402BD1D104F0AEF9FA
:10E94400CEE700BF00740040042A0020FC2700200A
:10E954006824002064240020001000406224002069
:10E96400602400205E240020048302002DE9F0418D
:10E97400BA4EBB4B36F81010BA4CB1F57A7F60D260
:10E9840000211954B84B33F810C0BCF1640F3ED9C0
:10E99400DFF8E482DFF8E4E238F810505EF8203063
:10E9A400B24F0135ADB26344B5F5806F4EF82030F7
:10E9B40028F8105037F8102021D99B0A012526F891
:10E9C40010309BB228F8105003F51675AA424EF881
:10E9D40020100EDD1344A6495B0803F1140521F849
:10E9E4001050A449143B21F810300A3A27F810209B
:10E9F40001E026F81010002324F810301FE094459D
:10EA0400F9D912B927F810C0F5E70132EEE734F866
:10EA1400103001339BB2142B24F810300FD9964BCD
:10EA2400012223F81020954B43F82010914B23F832
:10EA340010108F4B23F810108C4B23F81010BDE8E6
:10EA4400F08134F8102013F800E0013292B224F877
:10EA54001020BEF1000F0BD1834A32F81020653A22
:10EA640092B240F6D6618A42E9D801221A54E6E706
:10EA7400BEF1080FE3D87C4D35F81070804D15F8C1
:10EA840000C0BCF1000F5DD0DFF8E8C13CF810C055
:10EA9400BC4503D94FF0000C05F800C015F800C0C0
:10EAA4000EF1FF35BCF1000F55D0DFF8D0C1DFF80F
:10EAB400C8E15CF820603E443EF810704CF82060D9
:10EAC4000137BFB2202F2EF8107026D9674F4FF0B0
:10EAD400010876092EF810804FF0000E27F8106018
:10EAE4004CF820E0B6B201F2572CB445A4BF01F5AE
:10EAF400167627F8106037F81060761A0527B6B234
:10EB0400B6FBF7F606EB460739445A4F89B227F8A5
:10EB14001010891B564E26F81010062D00F2E780BF
:10EB240001A151F825F000BFFBE90008BFEB000884
:10EB3400CFEB0008D7EB000805EC000809EC00084F
:10EB4400E9EC0008DFF828C13CF810C0BC45A5D2A8
:10EB54004FF0010CA0E7DFF83CE15EF820103944E7
:10EB6400484F4EF8201037F810400134A4B2202C3E
:10EB740027F8104007D9490926F81010012127F871
:10EB840010104EF820C0062D00F2B18001A151F8FA
:10EB940025F000BFB5EB000843EA0008C5EB000808
:10EBA400E5EC000801EC0008E5EC0008E9EC0008DD
:10EBB400142A7FF644AF022258E703221A541AE7B4
:10EBC400042A3FF63CAF042250E7052A7FF637AF0C
:10EBD40001E00E2A01D8082248E7142AFBD82A4A61
:10EBE40001211154294A4FF4000142F82010284A07
:10EBF4004FF4800142F820100522DFE7062235E7B2
:10EC0400042AE3E7012A02D808221A5407E0082A52
:10EC140013D81D4A115C0029F6D0002111541A5C46
:10EC2400082A3FF4E8AE1A4D55F82010490845F873
:10EC34002010002942D0013AC0E70C2A2CD8124AED
:10EC4400125C002AEBD01149114D51F8202055F8DF
:10EC540020502A4341F82020E1E700BF3616002067
:10EC6400840F0020F2150020301600200416002026
:10EC7400F8150020FE150020101600202416002090
:10EC8400EF1500200A160020EC1500208416002041
:10EC9400E015002018160020102AB5D815490A5C82
:10ECA400002AB1D1144D154E55F8202056F8206095
:10ECB400324345F8202001220A54B0E70E4951F8A6
:10ECC40020500F4941F820500E4901250D5440F2BF
:10ECD400EE2118B90C4D298001326FE70B4DFAE78C
:10ECE400142A73E7642A7FF6AAAE0922BEE600223C
:10ECF400BCE600BFEC15002084160020E0150020BF
:10ED040078160020DA150020A8160020A616002088
:10ED140030B54A4A4A4D115C2B5C082900F28980BF
:10ED2400591F03297DD830BD09231354454B145C66
:10ED3400195CA142444911BF1C5431F8103001330D
:10ED44009BB218BF0023092C21F8103019D13F4D74
:10ED540001242C540BB921F8104031F81030012B48
:10ED640003D14FF090429361DDE7032B04D14FF0C0
:10ED7400904301229A62D6E70C2BD4D10A23135470
:10ED8400D1E70A2CCFD193B9314A145C34B1314C58
:10ED9400135454F82050304C44F820502F4B4FF467
:10EDA400000243F82020012321F81030BBE7033B85
:10EDB400072BB8D801A454F823F000BFE1ED0008F4
:10EDC4002BED000873ED00082BED0008FBED0008A7
:10EDD4002BED000873ED00080DEE00081E4B53F8F0
:10EDE40020201E4B53F820301A429CD14FF0904300
:10EDF40001229A6197E7184B53F82020174B53F8D8
:10EE040020301A428FD0F1E7144C54F820305B08BC
:10EE140044F820300BB10023C6E713542B540B4A9B
:10EE2400ADE7082B80D800231354074A22F810308A
:10EE340079E7082B3FF67AAFF5E700BF810F002092
:10EE4400840F002041160020581600203C16002094
:10EE540073160020901600209C16002050160020E7
:10EE64002DE9F74F1D4BDFF88C8004229A611C4A70
:10EE740098F800101378302903F10103137040F05F
:10EE84002C83184C2088002800F03B820138002293
:10EE9400154D208013460A202E69B6054CBF013358
:10EEA400013200F1FF304CBFDBB2D2B210F0FF00F0
:10EEB400F2D10E48934206780D4A94BF00230123F1
:10EEC4009E42157800F04E834FF47A7626800370C4
:10EED400002D40F047830123137043E3000C0048E6
:10EEE4007E24002070290020001400486D29002091
:10EEF4006C290020042A00200A2B02D18A4B00220C
:10EF04001A708A4C8A4823780278002B40F00085D6
:10EF1400884D894F2E682B60884D3E60884F2E683F
:10EF24002B60884D3E60884F2E682B60874D3E6075
:10EF3400874F2E682B60874D3E60874F2E682B606D
:10EF4400864D3E60864F2E682B60864D3E60864F10
:10EF54002E682B60854D3E60854F2E682B60854D55
:10EF64003E60854F2E682B60844D3E60844F2E6832
:10EF74002B60844D3E60844F2E683E602B60834D31
:10EF8400834F2E682B60834D3E60834F2E682B6029
:10EF9400824D3E60824F2E682B60824D3E60824FD0
:10EFA4002E682B60814D3E60814F2E682B60814D11
:10EFB4003E60814F2E682B60804D3E60804F2E68EE
:10EFC4003E602B602270012303707E4B1A68140785
:10EFD4000BD5082058604FF0A040836843F0040329
:10EFE40083607948038801330380900740F1948457
:10EFF400744B504803225A60744B754A1C88148021
:10F004000268224402604F4C724A58882568108076
:10F014009A882A4422604D4CDA8825682A44226062
:10F024004C4C1A8925685B892A4422604B4A14682F
:10F0340040292344136009D1674B684A1B88434322
:10F044003E481B0B138002681A4402604FF0A04232
:10F05400936843F004039360614B186802070AD570
:10F06400604C08225A60A26842F00402A2605E4C1E
:10F07400228801322280870740F1548403225A6097
:10F084005A4A384D5A4C168826802C6834442C60D1
:10F09400364D54882E68928834442C60354C25684B
:10F0A4002A4422604F4CA26842F00402A260060384
:10F0B4000BD5504C4FF400225A60A26842F004026F
:10F0C400A2604D4C228801322280850340F13084B5
:10F0D4004FF440325A60294D484A2E68148834440B
:10F0E4002C60284D54882E6834442C60274D948815
:10F0F4002E6834442C60274DD4882E6834442C6008
:10F10400264D14892E6834442C60264D54892E686B
:10F1140034442C6094893A4A1480364CA26842F0F4
:10F124000402A2606EE000BF6C290020BC1A00201B
:10F13400BB1A00208C1A0020881A0020741A0020A0
:10F14400701A0020601A00205C1A0020481A00205F
:10F15400441A00203C1A0020381A0020301A0020DB
:10F164002C1A0020201A00201C1A0020C819002084
:10F17400C4190020AC190020A81900208819002007
:10F1840084190020681900206419002050190020F7
:10F194004C19002038190020341900201C190020B3
:10F1A400181900200419002000190020D818002084
:10F1B400D4180020BC180020B818002078180020AB
:10F1C4007418002000000240B41A0020901A002095
:10F1D400CC1900207A1A00200A180020781A00207E
:10F1E4000004024000010050AE1A0020241A00203E
:10F1F400CE19002000040050A81A00208C19002009
:10F20400EC18002004060AD58E4C80225A60A268AD
:10F2140042F00402A2608C4C2288013222808206D1
:10F2240040F18B8330225A608848894A04681388E5
:10F2340023440360874853880088874C43438748A6
:10F244001B0B0360206818442060D3881089034492
:10F2540050899289034413448148824A9B10138045
:10F2640002681A440260774A936843F00403936087
:10F2740059B1102940F066837A4B1A887A4B0020E2
:10F284001A80FFF773FBFFF743FD784B7849DC697D
:10F2940014F00F0F40F04285764898F80070027819
:10F2A400A50600F15585002A00F04285531EDBB205
:10F2B4000370002B40F03C856F4B1E88012E17D93C
:10F2C4006E4A6F4D138803EB03202F18285C87F8D0
:10F2D400006100F0F000F02808BF6A4803F1010360
:10F2E4009BB204BF01250570032B88BF0023138044
:10F2F400654B1A78002A00F09D8500221A7000F0F0
:10F3040017BD624B1B883BB9614A1370614B0122E4
:10F314009A6202229A62F4E55F4B1B78A3B1012B37
:10F324005B4C5C4A04D10220237090629361E8E54F
:10F33400022B15BF012323702070936116BF9362C3
:10F34400012302239362DCE5544A15786A1E042AD9
:10F3540018D801A050F822F071F3000871F30008E6
:10F3640071F3000871F3000807EF00084C4A138892
:10F3740013B1013B1380C4E5464B02229A62012279
:10F384009A61BEE5474A1278920902D1404B1A703D
:10F39400BCE7012A05D13E4B1A703E4B022098620D
:10F3A400EEE7022A05D13A4B1A703A4B9A610122D0
:10F3B400B0E73D4F3D4E7A6A92B2192A28BF19220E
:10F3C4001432002092B27C6A94420BD3304A1478EF
:10F3D400022C0FD1834223D82E4A022301209361A9
:10F3E400906292E23469A4054BBF01330130DBB271
:10F3F400C0B2E8E7032B5FD9012C0CD0032C0FD14A
:10F404002B48038801339BB203802A480078984232
:10F414000CD8012313701F4A02239362012073E264
:10F4240055B903231370224B00221A80194A012371
:10F434009361022393619CE01E4B1B78002BF0D157
:10F44400E7E700BF00050050A21A0020D8180020EA
:10F45400DC1800200A180020BC180020C018002066
:10F46400781800207C180020301600200048004046
:10F474001B2A0020282E00202E2E0020302E0020B3
:10F48400322E0020FE290020052A0020A818002082
:10F4940078290020000800489418002074290020CE
:10F4A4007229002082290020001400400014004822
:10F4B4007629002075290020032C0BD19B48038852
:10F4C40001339BB203809A4800789842AED8022355
:10F4D400137081E7002DA4D0F9E7402940F00E8293
:10F4E400944B1C8884B1944B1A6894424FF0A20345
:10F4F4008CBFA21A00225A434FF44373B2FBF3F2B7
:10F504000A235A438D4B9A608D4B8C4A1B888D4D30
:10F5140003EB430353612B88002B32D0013B0022C1
:10F52400894C2B800A2013462669B6054CBF01334B
:10F53400013200F1FF304CBFDBB2D2B210F0FF0059
:10F54400F2D1824893420678814A94BF0023012372
:10F554009E42147806D04FF47A762E800370002CE5
:10F564003FF4B9AC13784BB10133DBB2022B137007
:10F5740001D1784AE6E6062B7FF4BEAC754B022235
:10F58400FEE6754D754A2878DFF818C2D8B9744B71
:10F594008CF800001B880126C82B1670714B10D9FB
:10F5A4001C88132C02D834441C8069E018806E4BEC
:10F5B4002E7018806D4B18806D4B18606D4B186061
:10F5C4006D4B18805CE0012840F0F080DFF8A491D6
:10F5D40010705948DFF8A0E10668D9F80000DFF898
:10F5E40090A1DFF888B1DAF8004030180190C9F82A
:10F5F40000005B480788BEF80000013080B23C443C
:10F60400B0F57A7FCAF800400090AEF800000FD33E
:10F61400B4FBF0F45448CAF800300480DDE900403B
:10F62400C9F80030B0FBF4F0AEF80030ABF80000DD
:10F634004D4B4C4C188830B1A0EB500E77452388C5
:10F6440037DA04332380BBF80070DFF85CE147B19C
:10F65400A7EB97094E45BEF800303AD20433AEF812
:10F664000030464B1B78002B43D12380AEF800308A
:10F67400C72805D840F2DC539F4201D900232B70E0
:10F684003F4B18783F4B002800F00D81012840F0D3
:10F69400FA8010701C783C4A02209061002C40F0E3
:10F6A4000B813A480288632A00F202810132028007
:10F6B40004E1A0EB900E774501DA0233C2E7A0EB38
:10F6C400D00E774501DA0133BCE7002BBBD0013BF8
:10F6D400B8E7A7EBD7094E4501D20233BFE7A7EB42
:10F6E40017194E4501D20133B9E7002BB9D0013BBC
:10F6F400B5E72388192B13D9254802232B7000233F
:10F7040003802448238003802348AEF800304FF45C
:10F71400FA64048021480370214B64201870AFE719
:10F72400BEF80030192BE7D8A2E700BF76290020E5
:10F7340075290020E6190020C0180020007400403C
:10F74400D42800206E290020001400486D290020D0
:10F754006C29002000040048AE280020B7280020AF
:10F76400CE190020AC280020982800209A280020D8
:10F77400A0280020A42800209C2800204029002044
:10F78400B3280020B628002000080048B428002030
:10F79400A8280020C2280020C0280020BF2800205C
:10F7A400BC280020B8280020AA28002002287FF4C2
:10F7B40067AF9248924E0088F92805D830881328FC
:10F7C4009ABF013083B22B708E4F338038788E4BC2
:10F7D40020BB01251D708D4B15701C880CB1013C9C
:10F7E400E2E68B4E8B4836880388642E11D98A4E04
:10F7F4003688312E0DD8632B02D8013303803FE7BE
:10F80400864B048018883D7000287FF439AF64204B
:10F81400D7E6052B8CBF053B0023EFE700261E70BF
:10F824007E4B7C4D1B88312B06D8012313703E7010
:10F834007B4B2E800A2071E77A4B28881B78DB09E2
:10F844001370794B1B689C4218D9E31AA2246343B2
:10F854004FF44374B3FBF4F3744C24881434A3427C
:10F864000CD9132802D80130288009E7012313702A
:10F87400664B3E704FF4C8701880D9E700283FF4F7
:10F88400FFAE0138F0E7002010701C78684A0120B0
:10F8940024B3906267480288B2F5FA7FFFF406AF9A
:10F8A4000022028006E01278002A7FF4F3AEECE72F
:10F8B400048001221A7001E0012393615E485F4BCA
:10F8C40002787AB1013A027002229A6201238CF81A
:10F8D40000305B4B00221A80FFF713BB02239362B4
:10F8E4009062EBE79CF80020002A3FF448AE454ABA
:10F8F4001078022200283FF443AD0BE5514B4C4AEB
:10F9040001201870022393629061A2F580620DE5D4
:10F91400531CDBB2FFF758BB4B4A138801331380E7
:10F92400FFF79ABB494C228801322280FFF7BFBB04
:10F93400474C22880132228064E4464A138801330A
:10F94400138095E4202902D0502940F0BD81424B18
:10F954001A6997051DD5196921F40071196119698E
:10F9640021F002011961196921F0010119613B4972
:10F974000B88B3F57A7F29BF394B01330A211970FB
:10F9840038BF0B80344B596B364B1980364B0021F2
:10F99400197002F00303012B40F086802E4A13698C
:10F9A40023F001031361304A1378092B6AD8013319
:10F9B40013702E4B1A691B69D60740F1C98013F0E6
:10F9C400020F14BF03210421294B2A482A4E19701F
:10F9D40003783278002B40F0D2809142274C00F01B
:10F9E400BD8023802648013A0388032A00F2368129
:10F9F400DFE812F023014A014F015401CE1900201F
:10FA0400AC280020BF280020BD280020C0280020EA
:10FA140064290020C2280020662900200E1A002034
:10FA2400BE2800206B290020C0180020D019002017
:10FA340000080048B4280020BC2800200004004826
:10FA4400BA28002078290020B61A0020B01A002015
:10FA5400AA1A0020A41A002000440140FA2700201A
:10FA6400F827002004280020032800200010004864
:10FA7400DC270020DA270020DB270020D8270020FD
:10FA8400F227002000231370924A1380924A1378BD
:10FA94000133DBB2202B28BF002313708F4A4FF0B1
:10FAA400FF3142F8231084E7022B1FD18C4B8D4C7D
:10FAB400596B22888C489142057808D23DB9854A11
:10FAC40013880133138000232180037071E7824E71
:10FAD40033780133DBB2202B28BF0023C2EB05426D
:10FAE4007E4D33700A4445F82320ECE7032B7FF462
:10FAF40060AF7B49784A0B6923F001030B611378EB
:10FB04000133DBB2202B28BF002313704B6B157815
:10FB140047F22F518B4274499EBF08780130087018
:10FB240070480C7802880380C2EB04426B4C1A4480
:10FB340044F8252047F22F52934298BF0023684A85
:10FB440088BF01230B70136923F00203136130E7AC
:10FB540013F0020F14BF0221012135E72288B2F508
:10FB6400FA6F03D2013293B2238028E0012202709B
:10FB74005E4A13705E4A13705E4A1370F4E7012BF9
:10FB84001AD19142594C5A4B20D15B4F3D88B5F55F
:10FB9400FA6F25BFDFF85CC100250135257024BF4D
:10FBA4001D708CF800503D8024781B78142C32D9B9
:10FBB400092B38D80023037091427FF413AF4F4BC5
:10FBC4001A884F4B01205A80FFF75BBB012A05D1ED
:10FBD400022915D1257801352570E5E7022A03D1DC
:10FBE4000329F7D001290CE0032A03D10429F1D019
:10FBF400022906E0042A09D10129EBD0032900E0F7
:10FC0400042903D11D7801351D70CDE7394F3D78A6
:10FC140001353D70C8E7142B01D9092CC9E7354BD0
:10FC24001B780A2BC8D900230370364B01201870A7
:10FC3400354B41F288301880BEE70229334A04D19B
:10FC4400012414700A33038008E004292DD12F4BBA
:10FC540002221A702E4A13880A33138002882D4B0D
:10FC640031701B686421B3FBF1F39A4222D3D21A98
:10FC74000280294A138801331380A0E7022AEDD1B8
:10FC8400234A13881433E8E70329204AD8D00129EA
:10FC9400DCE704291D4AD3D00229D7E701291B4AEE
:10FCA40001D11170CEE70329D0E71278012AE5D1FA
:10FCB4001433C8E716490A88934280D8D21A0A80B6
:10FCC400154A1388013BD7E730297FF4DEAAFFF7F2
:10FCD400D3BA00BFFA2700200128002008280020FA
:10FCE400004401400428002003280020D7270020D6
:10FCF400D6270020D5270020D82700207C180020F4
:10FD040030160020D4270020D2270020EE27002020
:10FD1400F0270020FC270020F62700200F221A627B
:10FD2400964A1388A00703F1010313803FF5B4AA90
:10FD34000B78012B40F09380620640F1BD80904B1C
:10FD440008229A628F4B00221A8002230B70B3E0C0
:10FD54008D4B9D8CABB215F4807560D0002A4FD1C9
:10FD640003F00F050F2DE3D003F0F006BE42874DDC
:10FD74001AD1874E874F368806EB0626BB55864E2A
:10FD8400328003220270C3F30313844830F8132033
:10FD9400013220F81320824830F81320013220F871
:10FDA400132064232B70C3E77E4F3F78B74203D1FF
:10FDB4007D4E01273770DCE7F02E0AD1744E754F63
:10FDC400368806EB0626BB55734B1A800323037053
:10FDD400E7E776480278013202702A78C3F3031306
:10FDE4009A4206D16E4830F81230013320F81230AE
:10FDF400D7E76A4830F81320013220F81320D1E7FE
:10FE0400634A654E15883288013292B23280614E5F
:10FE140005EB05253544AB540323037088E7002A1A
:10FE240086D05D4E3288FF2A02D8594D2D88EBE7E3
:10FE340005707DE75E4B187800287FF45FAA5D4A61
:10FE44005D4B10881B88834202D001230B706FE73F
:10FE54001BB1013B9BB21380F7E70323FBE7022BA3
:10FE64001CD1230628D5534A464D1288534F2B885C
:10FE7400454802EB0222BE1896F800411BB9BA5C51
:10FE840002F5807202E0A342F25CF9D001339BB226
:10FE9400A34202852B800FD9032357E7032B68D194
:10FEA400670609D5434A138801339BB20020032B0C
:10FEB400087094BF13801080414BD869060700F086
:10FEC4009B800F221A623F4A3F491378F024CC5496
:10FED400013313703D4B1B78A3B13D4A3D4B118850
:10FEE4001B888B420ED044060CD54B1C3A489BB25F
:10FEF400405C33491380B3F5007F28BF0023088595
:10FF040028BF1380354BDA6910077DD00F221A629F
:10FF140098F80030002B40F0848031483149008843
:10FF24000A88B0F52F7F79D9052A2F4A08D9108875
:10FF3400052805D92D4C0B802088138001302080A2
:10FF44001388013313802A4A138801339BB244F681
:10FF540020618B420BD901231380244A13880A2180
:10FF64004B431521B3FBF1F322490B70002313809B
:10FF7400FAE0034B08229A610023E7E6062A0020F0
:10FF840000100048202A002000480040BC2900201E
:10FF9400302E0020322E00202E2E0020DE290020BC
:10FFA400BE290020032A0020052A0020BB290020A6
:10FFB400FE290020222A00201E2A0020242A0020B4
:10FFC40000440040CE260020CF260020CF2700206A
:10FFD400CC240020CA240020CE2400200038014074
:10FFE400901A0020821A0020801A00207E1A002015
:0CFFF4007C1A0020AA29002085067FF559
:020000040801F1
:100000006BAF774A9C8C7749137862E7910681D56C
:10001000754A988C75491378C8540133137079E781
:1000200001320A8091E7102B33D1714B7149187856
:100030000B78714ABBB1138844F61F6083428BBFB3
:10004000002301330B7013800B78002B48D16B4BCE
:100050006B4918880B686B4A984209D900230B60DA
:100060000023137002E01380C206F0D4002538E0AC
:100070001B1A4FF49670434363480088B3FBF0F3B8
:10008000B3F5FA7F0B60EBD91378022B28D8013334
:10009000E7E7302B6AD15D4B564918780B78564A02
:1000A000D3B1138844F61F6083428BBF0023013312
:1000B0000B7013800B789BB9554B1B78012B2BD100
:1000C0004E4B4F4A1B8811688B4217D20023136096
:1000D0004C4B00221A70C9E71380C306ECD4C5E765
:1000E00001254C4C4C49228822B3013A22800B88CE
:1000F0000BB1013B0B80494B002236E05B1A4FF4F9
:1001000096714B4340490988B3FBF1F3B3F5FA7F8D
:100110001360DDD93B4AB7E7022BA7D1374B384AEA
:10012000198813689942D1D85B1A4FF496714B43E2
:100130003B49E8E73B480388002D3ED041F26F750C
:10014000AB4295BF013344F62063038023800B88C4
:1001500088BF0280C72B9CBF01330B802F4B13221B
:10016000DA620A88642A36D80A225A632E4A2F4D48
:1001700013782F482F4C0133DBB213702B780268B1
:10018000218801330A44DBB202602B701BB92A4D6F
:100190000360120A2A80294B1A888A4238BF1980C4
:1001A000274B5A6A22801A6922F001021A61254BF4
:1001B00004229A6203B0BDE8F08F002B97D0224C46
:1001C00022780132D2B2022A89BF03F1FF332270B2
:1001D000257003808BE7C82A94BF08220422C4E755
:1001E000CE260020CF260020211B0020221B00202D
:1001F0009D2900208E2800208C280020A81800208F
:10020000C018002022180020A618002082290020F3
:100210007829002024180020281800200008004019
:10022000A418002026180020892400206C24002017
:1002300070240020782400206A24002074240020E8
:1002400000140040000C0048231800202E4B30B54D
:10025000022101244FF480729C6299629A624FF4E9
:1002600000729A624FF480529A6280229A624FF032
:1002700090400422C3F828284FF400428262234AA7
:100280004FF48045956284619161D2F8041821F49D
:100290000041C2F80418D2F8041821F48041C2F8D1
:1002A0000418D2F8041821F00201C2F80418D2F898
:1002B000041821F00101C2F80418D3F8041821F43D
:1002C0008061C3F80418D3F8041821F40071C3F84E
:1002D0000418D3F8041821F48071C3F80418D3F873
:1002E000041821F08001C3F80418D2F8081841F06E
:1002F000704141F00F01C2F80818D3F8082842F401
:100300007F12C3F8082830BD0008004800040048E8
:100310001E491F4BD1F8AC27100A70B5DA709870DF
:10032000100C120E58701A70D1F8B027DA71140A36
:100330009C71140C120E5C711A71D1F8B427154817
:10034000DA72110A9972110C5972120E12491A724C
:10035000002202600D250E46013D05D10AB10C2395
:1003600003600023337670BD13F8012B14099F2A14
:1003700002F00F0294BF30343734092A94BF303270
:1003800037324A700C7001220231E5E700F0FF1F9E
:1003900096240020A4240020A824002070B5264B19
:1003A000264D40F6E4421A80002407F06BFD07F06A
:1003B000DDFDFFF7ADFF2878214922460B690E6964
:1003C000DB43B6070E6903F0010358BF0233F6069C
:1003D0000E695CBF0433DBB2B6065CBF0833DBB228
:1003E0000133DBB298420ED10132D2B2642A0CD171
:1003F00004B12870134B1B78052B18D8DFE803F0E5
:1004000019070F111315012400221846D6E70E4BC9
:100410000E4A13600E4B42F210721A8070BD0D4BE3
:10042000F6E70D4BF4E70D4BF2E70D4BF0E70D4B04
:10043000EEE70D4BECE700BF0A180020111B00206F
:10044000000C0048022A002056BA0108902400201F
:10045000F627002067BA01087DBA010890BA0108A2
:10046000A1BA0108AFBA010840BA010810B52022AC
:10047000A6B000210DEB02000BF05BFA1422002164
:1004800001A80BF056FA5822002110A80BF051FADF
:1004900002244FF480330B22CDE90623CDE90C432F
:1004A000012210214FF4E01306A8CDE909210B9297
:1004B0000E9309F085FC08B172B6FEE70F23CDE973
:1004C00001344FF48063CDE904300390214601A844
:1004D00009F002FF08B172B6FEE7CDE92100CDE9CF
:1004E0001E00074B129014901790239010A81093A1
:1004F00009F0CAFF08B172B6FEE726B010BD00BF12
:100500002500F0012DE98048BE4DA1B008F094F817
:10051000FFF79CFEFFF7AAFF1422002115A80BF09D
:1005200008FA6B69B84843F400136B616B6903F414
:1005300000130593059B6B6943F480036B616B6942
:1005400003F480030693069B6B6943F400236B61FD
:100550006B6903F400230793079B6B6943F4003333
:100560006B616B6903F400330893089B6B6943F478
:1005700080236B616B6903F480230993099B6B698A
:1005800043F480136B616B6903F480130A930022B8
:100590004EF21C010A9B08F0CDFF9C48002241F658
:1005A000837108F0C7FF002249F209014FF0904023
:1005B00008F0C0FF9648002244F2023108F0BAFF6A
:1005C00094480022402108F0B5FF002292480C21F7
:1005D000002408F0AFFF01264EF21C038A4815A93B
:1005E000CDE91536CDE9174408F0D4FE4FF4441395
:1005F0004FF40070CDE9150315A98648179608F049
:10060000C9FE4FF480638348179415A9CDE91534CA
:1006100008F0C0FE41F683737C4815A9CDE9153674
:10062000CDE9174408F0B6FE44237848179615A97B
:10063000CDE9153408F0AEFE49F2090315A94FF0D3
:100640009040CDE915364027CDE9174408F0A2FEC9
:1006500015A94FF09040CDE91574179608F09AFE51
:1006600044F202336A4815A9CDE91536CDE917449D
:1006700008F090FE80236448179615A9CDE915343B
:1006800008F088FE634815A9CDE91576CDE9174431
:1006900008F080FEF3236048179615A9CDE91534BC
:1006A00008F078FE0C235C4815A9CDE91536CDE994
:1006B000174408F06FFE30235548179615A9CDE969
:1006C00015344FF0020808F065FE4F48179415A93D
:1006D000CDE9158408F05EFE22462146172008F079
:1006E00091FC172008F0C0FC6B6933436B616B69A8
:1006F00033400393039B6B6943EA08036B616B69A7
:10070000464D03EA08032246214604930B20049B2E
:1007100008F078FC0B2008F0A7FC22462146382080
:1007200008F070FC382008F09FFC22462146392052
:1007300008F068FC392008F097FC224621463C204E
:1007400008F060FC3C2008F08FFC1822214615A818
:10075000CDE90E44109406270BF0EBF84FF4803BE4
:100760004FF0A0434FF0080A4FF480792846C5E9BE
:100770000A64C5E9003BC5E9024485F82040EF6101
:1007800085F830602E61C5F814A0A5F818906C6348
:1007900008F00EF808B172B6FEE70E900EA92846D2
:1007A00008F09AFB08B172B6FEE7CDE91770CDE903
:1007B000190015A92846CDE9158608F019FA08B1DF
:1007C00072B6FEE7032415A92846CDE9154808F0BE
:1007D0000FFA08B172B6FEE7092315A92846CDE93C
:1007E000153408F005FA08B172B6FEE710234FF091
:1007F000040815A92846CDE9153808F0F9F978B1AB
:1008000072B6FEE7001002400010004800080048E1
:100810000004004800140048000C00487015002037
:1008200012210523CDE91513284615A908F0E0F992
:1008300008B172B6FEE7112315A92846CDE9153790
:1008400008F0D6F9014608B172B6FEE7A24D019054
:10085000182215A80BF06DF80199A04B85F820100F
:100860002846C5E90A61C5E9003BC5E90211C5E9A9
:10087000046AEC6185F83060A5F81890696307F0A8
:1008800097FF08B172B6FEE7CDE91770CDE9190000
:1008900015A92846CDE9158608F0AAF908B172B65F
:1008A000FEE70B234FF002088B4815A9CDE9153858
:1008B00008F09EF908B172B6FEE787480C260327B8
:1008C00015A9CDE9156708F093F9054608B172B688
:1008D000FEE7CDE90E0010901822014615A80BF096
:1008E00028F87F4C7F4A84F820504FF48033C4E9C5
:1008F000002308234FF0010A4FF0070963612046E7
:100900004FF48073C4E90255E562C4F828A0C4F826
:100910001C9084F830A0C4F810A02383656307F00E
:1009200047FF08B172B6FEE70E900EA9204608F008
:10093000D3FA08B172B6FEE70525CDE9155ACDE91F
:10094000190018904FF0060A15A92046CDF85CA0B2
:1009500008F04EF908B172B6FEE715A92046CDE9B8
:10096000159808F045F908B172B6FEE70A2315A9F3
:100970002046CDE9153708F03BF908B172B6FEE71D
:10098000042315A920461596169308F031F908B1ED
:1009900072B6FEE70F2315A92046CDE9153508F0FC
:1009A00027F908B172B6FEE7102315A92046CDE954
:1009B000153A08F01DF908B172B6FEE748484FF045
:1009C0000608072715A9CDE9158708F011F905468E
:1009D00008B172B6FEE7444CDFF814B101461822A4
:1009E00015A80AF0A6FF4FF480330126C4E900B32E
:1009F0004FF008094FF480732046C4E9025584F88B
:100A00002050E562A662E76184F830602661C4F890
:100A100014902383656307F0CBFE08B172B6FEE73E
:100A2000CDE91780CDE9190015A92046CDE9159625
:100A300008F0DEF808B172B6FEE70C25022315A90E
:100A40002046CDE9155308F0D3F808B172B6FEE799
:100A50004FF00D0A032315A92046CDE915A308F090
:100A6000C7F808B172B6FEE7042315A9204616930D
:100A700008F0BEF808B172B6FEE7052315A92046B6
:100A8000169308F0B5F808B172B6FEE715A920462E
:100A9000CDF8588008F0ACF808B172B6FEE715A999
:100AA0002046169708F0A4F8034608B172B6FEE790
:100AB0000E48DFF840904FF49642C0E90092C0E93A
:100AC0000233C0E90435C0E90633C0E908330AF04F
:100AD00002FF88B172B6FEE7201500200001005029
:100AE000D0140020000400508014002010100020BA
:100AF0000005005000380140A348DFF8BC824FF4E5
:100B0000E133C0E900834FF4805700230C26C0E98D
:100B10000273C0E90563C0E90733036143620AF069
:100B2000DAFE08B172B6FEE7984C994B179047254C
:100B3000CDE91500C4E90035A06040F2E7334FF07D
:100B400080082046E360C4F818800AF075F808B100
:100B500072B6FEE71590179015A920460AF046FCDC
:100B600008B172B6FEE78B4C8B4B1790CDE91500A0
:100B7000C4E90035A06031232046E360C4F8188042
:100B80000AF05AF808B172B6FEE71590179015A949
:100B900020460AF02BFC054608B172B6FEE7014676
:100BA00010220EA80AF0C5FE1C22294615A87B4C6F
:100BB0000D95CDE90B550AF0BCFE794BA560C4E953
:100BC000003520464FF47A73C4E90335C4F8188021
:100BD0000AF032F808B172B6FEE70EA920460E9769
:100BE0000AF044FA08B172B6FEE720460AF054F85B
:100BF00008B172B6FEE70B900D900BA920460AF0E3
:100C0000F5FB08B172B6FEE76023CDE91530179009
:100C10001990324615A920460AF0E2F808B172B6DA
:100C2000FEE75E485F4C01F099F800251022002194
:100C30000EA80AF07EFE1C22294615A8CDE90B5508
:100C40000D950AF076FEDFF874E125611723204642
:100C5000C4E900E3C4E90255A56109F0EDFF08B15C
:100C600072B6FEE74FF480530EA920460E930AF0A9
:100C7000FDF908B172B6FEE720460AF00DF808B19A
:100C800072B6FEE70B900D900BA920460AF0AEFB62
:100C9000024608B172B6FEE76026CDE915601790EE
:100CA000199015A920460AF09BF8054608B172B6BE
:100CB000FEE7204601F052F81C2229460EA8CDE995
:100CC0000B550D950AF035FE2C22294615A80AF081
:100CD00030FE354CDFF8E8C0A5604723C4E900C307
:100CE0000923C4E90335204680236561A36109F027
:100CF000D3FF08B172B6FEE70B900D900BA920460A
:100D00000AF074FB08B172B6FEE7CDE90E60CDE9DA
:100D10001000CDE91200149004220EA920460AF01A
:100D20005FF808B172B6FEE74FF40053CDE9150045
:100D3000CDE91700CDE91A3019901F9015A920466A
:100D40000AF09EFB054608B172B6FEE7204601F0A8
:100D500005F8164F1648174B8560C0E9007301234C
:100D6000C0E90335C0E90555C0E9075508F01BFD8A
:100D700008B172B6FEE700210D4808F0A2FF014657
:100D800000B372B6FEE700BF880F0020C811002034
:100D9000001000407C110020001400406012002070
:100DA00000040040141200203011002000540040C4
:100DB00008130020460210000048004000080040D0
:100DC000004001404E4808F0A2FF054608B172B647
:100DD000FEE74C4C4C4E0146102215A80AF0A9FD26
:100DE0000723C4E900634FF6FF73C4E90335A56028
:100DF000656120468025A56109F01EFF08B172B625
:100E0000FEE7204609F078FF024608B172B6FEE719
:100E10000123CDE916301590189015A920460AF047
:100E20008FF808B172B6FEE7384C394B1790CDE910
:100E300015002046236008F05DF9024608B172B63D
:100E4000FEE7CDE9150015A9204608F08EF908B196
:100E500072B6FEE7102215A9204608F086F908B1FF
:100E600072B6FEE72B482C4C0223C0E9004340F643
:100E7000FF73C0E9023308F06FFF044608B172B691
:100E8000FEE70146102215A80AF053FD23481094EE
:100E900047234FF08041C0E900134FF0FF33CDE905
:100EA0000E44C0E903348460856109F0C5FE08B1D1
:100EB00072B6FEE74FF480531848159315A90AF04F
:100EC000D5F808B172B6FEE70E9010900EA913483F
:100ED0000AF08CFA08B172B6FEE7114E114BB06001
:100EE000C6E9003040F6AE03C6E9033070618023E6
:100EF0003046B36109F0A0FE0546A8B172B6FEE720
:100F000008130020E4100020004401405C1300207E
:100F100000740040F812002000300040AC120020A5
:100F2000981000200048014001466048604C07F0DE
:100F300019FE60495D48062207F06CFD5E4B5F4874
:100F40009A6822F004029A609A6822F008029A6075
:100F50009A6822F002029A60294607F003FE0322F3
:100F60005749564807F056FDA368564823F0040336
:100F7000A360A36823F00803A360A36823F002031F
:100F8000A360294607F0EEFD07224F494D4807F0C0
:100F900041FDA36D4D4823F00403A365A36D23F029
:100FA0000803A365A36D23F00203A365294607F098
:100FB000D9FD07224649454807F02CFDE36945481D
:100FC00023F00403E361E36923F00803E361E369C9
:100FD00023F00203E361294608F0A0F810213D4800
:100FE0003D4C08F09BF83D4808F0DDFB3C4809F01B
:100FF000B1FC3B4809F050FE3A4B39481D640C21C6
:101000000AF06AF9384809F0A5FC374809F044FEAF
:10101000364B35485D6329460AF05EF9344809F0DD
:1010200099FC334809F038FE324B314805229A6367
:1010300004210AF051F929462F48304D0AF04EF9A3
:101040002F4A3048D36823F00103D3600AF043FCF1
:101050002D480AF040FC2D4809F07CFC2C4809F092
:10106000AFFC2C4809F0ACFC304609F0A9FCFFF7B6
:1010700095F9294E01F08AFB07F0ACF82B7813F0B4
:10108000EF0FF7D0302BF5D13378013B042B2368D9
:1010900005D81A02EED4172007F0E6FFEAE71B0294
:1010A000E8D5172007F0EEFFE4E700BF7015002039
:1010B00000040240901A0020000002402015002089
:1010C000241A0020D01400208C1900208014002045
:1010D000DC1800205C13002000E100E00813002071
:1010E000601200200004004014120020000800409C
:1010F0003011002000400140E4100020042A0020AC
:101100000044014010100020880F0020AC12002085
:10111000C81100207C1100207429002072B6FEE75F
:1011200010B5214B1A7822B100221A701F4B64228D
:101130001A801F4B1A782AB100221A701B4B4FF4E9
:10114000FA721A801B4B1A7822B100221A701A4BBD
:10115000C8221A80194C2178A1B11948194B02886C
:101160001B8832B9184A1288013913440380217050
:1011700010BD9A42154994BF00230123013A0B7018
:101180000280F5E70C49114A0B8823B1013B0B8023
:1011900002231370ECE705490B88002BF9D0013BC3
:1011A0000B800123F5E700BF4824002044240020E1
:1011B0004724002046240020422400204024002010
:1011C0003E2400203A2400203C2400204924002012
:1011D000114B1B781843114B05D064221A80104B19
:1011E00040229A6170470F4A0F49127809780A43E2
:1011F0000AD041F288321A801A88094940204AB13F
:10120000013A88611A807047084A92F90020322A10
:10121000EFDCF1E788627047932800207A290020EC
:10122000001400489C1900209D1900209A190020E4
:1012300010B54E4A4E49137810F0100F55D0022BBE
:101240009CBF013313700B7843F010031278032A0C
:1012500052D1484A4FF480449461474C10F0080F33
:10126000227850D0022A9CBF0132227043F008033A
:101270002278032A4DD14FF090424FF400449461FC
:101280003E4C10F0040F22784BD0022A9CBF013252
:10129000227043F004032278032A48D1384A0424F8
:1012A0009461384C10F0020F227846D0022A9CBF7D
:1012B0000132227043F002032278032A43D1324ADA
:1012C00080249461314CC007227842D5022A9CBF09
:1012D0000132227043F001030B702378032B3ED1BF
:1012E000294B4FF480529A6110BD0BB1013B137032
:1012F0000B7803F0EF03A9E7002AAED11D4A4FF4A3
:1013000080449462A9E70AB1013A227003F0F7031E
:10131000AEE7002AB4D14FF090424FF400449462FB
:10132000AEE70AB1013A227003F0FB03B3E7002AEB
:10133000B7D1134A04249462B3E70AB1013A227088
:1013400003F0FD03B8E7002ABCD10F4A8024946261
:10135000B8E70AB1013A227003F0FE03BCE7002BA4
:10136000C2D1094B4FF480529A62BDE7B3290020E5
:10137000B429002000040048B2290020B12900202F
:1013800000100048B029002000080048AF290020C4
:101390000F2828BF0F20FFF74BBF00004E4BC82877
:1013A00070B44E4C187005D90F232370207870BC90
:1013B000FFF73EBF4A49002800F085800A880132C5
:1013C00092B2B2F5AF7F0A800CD2464B1A780AB9B6
:1013D00001221A701B78444A237000231380434A69
:1013E0001380E3E7B2F52F7F2378DFD3404A1578E7
:1013F000002DDBD0002515704FF4AF720A803D4AF6
:1014000000EB80001188400081422BD90A1A92B269
:10141000322A06D9334E3578012D84BF05F1FF35C8
:101420003570324E3588954203D96D1A05443580A2
:10143000BCE70021318030490A8030490988914257
:1014400029493EBF088812180A800A88142AADD993
:10145000143A012B0A8001D9013B2370284B032247
:101460001A70A3E726D2421A92B2322A05D91D4E2B
:1014700035780E2D9CBF013535701B4D2E88964258
:1014800003D98B191B1A2B8090E7002129801B4957
:101490000A8019490988914214493EBF08881218E8
:1014A0000A800A88142A81D9143A0E2B0A80D5D8CA
:1014B0000133D2E712490A7812B1013A0A7075E78E
:1014C000084A137072E70A4B207018700A4B0880A4
:1014D00018800A4B188069E77819002079190020D4
:1014E000761900207519002072190020701900204B
:1014F0003A1800203C1800206E1900206C190020BA
:1015000074190020F0B56A4B6A4A197829B1042988
:1015100084BF042119701B781370137866486749DB
:10152000002B00F09880664E664A0488157837785C
:101530000134A4B2AF4218BF35700480002D49D1E8
:1015400001231370604B4FF47A72DA620A881A64CE
:101550005E4A5F4B117839B15E490878022804BFB2
:1015600000201870012008701B783BB15949087899
:10157000012804BF0020107002200870107856491E
:10158000564A00287CD001200870002B79D1544B9A
:1015900001211970534B4FF4805199611278514BCE
:1015A000002A7CD04E4A0221117080229A614E4B53
:1015B00004229A624FF090434FF400429A624B4BE0
:1015C0004B4A19784B4B00296CD0012111704022F5
:1015D0009A61F0BD012D11D140F2B6330B80464B1C
:1015E0001B880A2B07D90A2CACD90223137040F2AE
:1015F0008A230B80A6E700230380A3E7022D0A8835
:10160000A0D10A2C9ED9002404803C480088A02840
:1016100001D9013A1AE0384C20888C2802D98C2351
:101620002380F6E75C1E022C9FBF03EB830303EBD2
:101630008303DB0003F5967394BF9BB24FF47A7378
:101640009A4205D289283FF67DAF01320A8079E7B8
:101650007FF678AFDDE70A885AB10488632C02D898
:10166000013404806EE7B2F5167F0380C1D90A3ACF
:10167000ECE7144B02801A70114B63241C7061E775
:1016800023B1174B00201870012313700B78002B27
:101690007FF47DAF134B4FF4805199627EE7802237
:1016A0009A6284E71278002A91D140229A6290E7E8
:1016B00088280020A8290020A4290020A229002091
:1016C000A6290020A7290020000400408B28002024
:1016D0008A28002089280020A02900209F29002096
:1016E0009E29002000080048001000489328002090
:1016F000A129002000140048B4190020B6190020C8
:1017000010B5FFF70DFD3A4B1B781BB9BDE8104033
:10171000FFF7F8BE102B12D1364C207800F02000D5
:10172000FFF756FD344B187880B9344B187898B9C8
:101730002078BDE8104000F00F00FFF729BE202BF5
:1017400001D0502B0CD12C4B187818B1BDE81040AB
:10175000FFF76EBD2A4B1878BDE81040FFF71EBE9C
:10176000302B01D1274CD8E7402B27D1264B274AD5
:101770001B78127803F040010A43254A1FD04FF42A
:1017800096711180118800292ED0224800782228D5
:1017900006D82148007822289CBF01F1FF31118032
:1017A0001E4A402191611E4A127803F01003134330
:1017B0001C4B4FF4804214BF9A619A6210BD1A48C4
:1017C00014490078097848B1192902D940F6B8318E
:1017D000D7E7114909781929F8D8D3E72329F5D88B
:1017E0000D4909782329F7E70C4A40219162DAE78D
:1017F000042A00209D290020922800209B290020F7
:1018000090290020822900206B29002093280020A5
:1018100020180020612900206029002000140048C1
:101820009128002000040048422900200A4B9A69B0
:1018300042F0010282B09A619A6902F001020092BC
:10184000009ADA6942F08052DA61DB6903F0805372
:101850000193019B02B07047001002402DE9F04156
:10186000054692B0142200210DA80AF062F82B68F8
:10187000B3F1A04F43D1954A13680133012B136094
:10188000934B08D15A6942F080525A615A6902F06A
:1018900080520092009A5A698E4842F400225A619E
:1018A0005A6902F400220192019A5A6942F4003204
:1018B0005A615B6903F4003302930324029B0DA970
:1018C0000823CDE90D34002607F064FD06230DA999
:1018D0004FF09040CDE90D340F967F4C07F05AFD44
:1018E0007E4BA660C4E9003680274FF48073C4E9BC
:1018F00003734FF4806C2023C4E905C355E0784A94
:1019000093425ED1714A13680133012B1360704B0F
:1019100008D15A6942F080525A615A6902F08052E5
:101920000392039A5A6942F400325A615A6902F4E6
:1019300000320492049A5A6942F400225A615A69A8
:1019400002F400220592059A5A6942F480225A61F3
:101950005B6903F48023032406934FF080080DA9EC
:101960004FF090400026069BCDE90D84202707F01C
:1019700011FD58480F960DA9CDE90D7407F00AFD29
:10198000042358480F960DA9CDE90D3407F002FD48
:10199000554C564BA761C4E900364FF4807E4FF496
:1019A0008063C4E90268C4E904E3E661204607F005
:1019B0004FFC08B1FFF7B2FBAC63656212B0BDE843
:1019C000F0814B4A934249D14A4A13680133012BB3
:1019D00013603F4B08D15A6942F000525A615A696C
:1019E00002F000520792079A5A693E4842F4802258
:1019F0005A615A6902F480220892089A5A6942F49C
:101A000000125A615A6902F400120992099A5A693D
:101A100042F480125A615B6903F480130A93032431
:101A20000A9B0DA942F20103CDE90D34002607F00F
:101A3000B1FC4FF4C85330480F960DA9CDE90D34D1
:101A400007F0A8FC4FF410532C480F960DA9CDE9D0
:101A50000D3407F09FFC2A4C2A4B42E72A4A934256
:101A6000ACD1244A13680133012B1360184B08D101
:101A70005A6942F000525A615A6902F000520B92C0
:101A80000B9A5A69214C1D4842F480125A615B69D5
:101A900003F480130C934FF430620C9B0DA90323C5
:101AA000CDE90D2307F076FC4FF4807218498020B1
:101AB0000023C4E903024FF480662022C4E9001326
:101AC000C4E90562A360E36170E700BF68320020EB
:101AD00000100240000800483C14002008000240AA
:101AE0000001005000040048F813002008040240E0
:101AF000000400506432002000100048000C004830
:101B0000B413002058040240000500507013002058
:101B10001C04024010B5044688B01422002103A81A
:101B200009F007FF2268154B9A4224D103F5CE3302
:101B30000324DA6942F00052DA61DA6902F00052F5
:101B40000192019A5A6942F400325A615B6903F4C6
:101B500000330293029B03A930234FF09040CDE95C
:101B6000033407F017FC36200022214607F04AFA1A
:101B7000362007F079FA08B010BD00BF00740040AD
:101B800010B5044688B01422002103A809F0D1FE44
:101B90002268134B9A4220D1124C1348636943F4D4
:101BA00080236361636903F480230193019BC02256
:101BB0001223CDE9032301210323CDE905130423D7
:101BC00003A9079307F0E6FBE36943F40013E3611D
:101BD000E36903F400130293029B08B010BD00BF39
:101BE00000540040001002400004004810B50446B4
:101BF0008EB01422002109A809F09BFE2368B3F1DE
:101C0000804F0CD103F50433DA6942F00102DA6146
:101C1000DB6903F001030193019B0EB010BD3D4A47
:101C200093420AD13C4BDA6942F00202DA61DB6985
:101C300003F002030293029BEFE7384A93420AD172
:101C4000354BDA6942F00402DA61DB6903F0040320
:101C50000393039BE1E7324A934212D12E4BDA6998
:101C600042F01002DA61DB6903F0100304933620BE
:101C700000220321049B07F0C5F9362007F0F4F990
:101C8000CBE7284A934210D1234BDA6942F0200275
:101C9000DA61DB6903F0200305933720002202217B
:101CA000059B07F0AFF93720E8E71F4A93421DD1A3
:101CB000194B1E489A6942F400329A619A6902F4FB
:101CC00000320692069A5A6942F400125A615B6920
:101CD00003F400130793079B01220223CDE9092394
:101CE00009A904230D9307F055FB96E7104A934288
:101CF00093D1094B9A6942F480229A619B6903F45B
:101D0000802308931A2000220121089B07F07AF90A
:101D10001A20B3E700040040001002400008004011
:101D20000010004000140040004401400010004832
:101D3000004801400268084B9A4282B00AD103F57C
:101D400050439A6942F480329A619B6903F480336C
:101D50000193019B02B070470040014010B504465A
:101D600088B01422002103A809F0E3FD2368234A68
:101D7000934214D1224B5A6942F400125A615B69B2
:101D800003F4001300932020009B0223CDE90303FA
:101D90001C48079303A907F0FDFA08B010BD1A4AC2
:101DA000934214D1164B5A6942F400325A615B696E
:101DB00003F4003301934FF40061019B0223CDE94A
:101DC00003130A23079303A94FF09040E3E70F4A58
:101DD0009342E2D10A4B0E485A6942F480225A617A
:101DE0005B6903F480230293029B4FF400420223B9
:101DF000CDE903230123079303A9CCE700040040A6
:101E0000001002400010004800080040004001405F
:101E10000004004810B514228AB0044600210DEBDE
:101E2000020009F086FD2368234A934222D1234B06
:101E30009A6942F480429A619A6902F4804201925E
:101E4000019A5A6942F400325A615B6903F4003323
:101E500002934FF4C060029B0223CDE905030324E3
:101E60000723CDE9084305A94FF0904007F092FA07
:101E70000AB010BD124A9342FAD1104B1148DA69E8
:101E800042F48022DA61DA6902F480220392039A32
:101E90005A6942F480225A615B6903F480230493F7
:101EA000049B4FF4406202230321CDE9052307235D
:101EB000CDE9081305A9D9E7003801400010024018
:101EC0000048004000040048FEE7FEE7FEE7FEE7AA
:101ED000FEE770477047704706F0C0BB034A0448EE
:101EE00013880133138007F00EBA00BFB21A002026
:101EF0003C14002030B5704B1B785A1E85B0042A64
:101F00001ED8DFE802F0034C03779F0000216B4CE2
:101F1000052208462569AD054CBF0130013102F1AB
:101F2000FF324CBFC0B2C9B212F0FF02F2D18842F8
:101F30004FF0010462494FF0020015D988628C61AC
:101F4000604B1A784AB100221A705F4B5A6A2B2AEA
:101F50005A6A00F2AB8001325A625C4A536943F418
:101F60000073536105B030BD8C6288614FF08041D1
:101F7000012B4A62564A12781CBF9200D2B24FF02F
:101F800080414B6A0193019B9A42FAD84C4B022242
:101F90009A6201229A614F4BC8221A80D0E7002230
:101FA0004648032311460469A4054CBF01310132A0
:101FB00003F1FF334CBFC9B2D2B213F0FF03F2D129
:101FC00091424FF002043E4A42494FF0010008D8C6
:101FD0003F4B906294611B780F2B06D142F2107335
:101FE00001E0946290610B80AAE7013303EB830365
:101FF0009B00F8E700223148052311460469A50536
:102000004CBF0131013203F1FF334CBFC9B2D2B230
:1020100013F0FF03F2D191424FF00200284A4FF033
:1020200001010CD8916190614FF080425362284BBE
:102030001978536A0293029B9942FAD8A6E79062F4
:1020400091617DE700221D4811460469A4054CBF3B
:102050000131013203F1FF334CBFC9B2D2B213F0E8
:10206000FF03F2D11A48007868B991421A4C144A19
:102070001A484FF002034FF0010112D891629361A8
:10208000237083625CE70E4C0125A5610225A561E2
:102090004FF080446362636A0393039B9842FAD8CB
:1020A000E3E7936291612170836149E72E2A7FF60D
:1020B00054AF5A6A013A4FE77429002000140048CF
:1020C000000800487A240020001400400004014069
:1020D000752900207229002078290020000400487A
:1020E0002DE9F04F5F4B1B78402B40F0A3805E4BF7
:1020F0005E491B785E485F4C002B00F028820B88FD
:102100005D4A01339BB2B3F5227FB2F800E00B8049
:10211000C0F09780594BDFF8B0C1594F1E88B7F80F
:102120000080DCF80030B3FBF8F34FF0640808FBE4
:1021300003F3DFF89C81B3FBF6F300250D80A8F8CC
:102140000030CCF800504F4B3D8015804E4DA3F829
:1021500000E02B880BB1013B2B804C4B1D786DB1FF
:102160004B4D2F784B4D2F704B4D2F784B4D2F7083
:102170004B4D2E804B4DEE6200251D70D823038001
:102180004FF4D8732380484BDFF848811D88474BB4
:10219000DFF844E11B88DFF844C1454F454E9D42BE
:1021A0003ABF5B1B9BB200230325B3FBF5F31588F5
:1021B0009D4238BF1380404A404D12889A42404A9F
:1021C00080F08E80032313702F4A1388013313800D
:1021D0004FF0904308229A624FF48062C3F8282897
:1021E000384A102191624FF40062C3F8282803F5A1
:1021F00080634FF400729A624FF480729A620023F7
:1022000088F800308EF800308CF800303B70337066
:102210002B702D49234B08685B6A9AB210FA83F33E
:102220000B6017490B8801330B80284B19889142AA
:1022300038BF1A801B4A136923F001031361BDE8FC
:10224000F08F038801339BB2B3F5227F28BF0023B0
:102250000380238801339BB2B3F5227F28BF00237C
:1022600090E700BF042A002042290020D428002043
:10227000D2280020D0280020202900203A29002040
:10228000C82800201E2900201429002034290020FD
:1022900038290020392900203E2900203F2900202C
:1022A0003C29002000480140781A00202429002001
:1022B0002D2900202F290020162900202C2900205C
:1022C0001B29002000100048CC280020C428002032
:1022D000C6280020312900202E2900203029002086
:1022E000DFF8E0A292F80090BAF800A09A4506D96B
:1022F000B9F1000F07D009F1FF3982F80090137887
:10230000002B7FF465AFA74B09881A784FF47A73D6
:102310005A436423B2FBF3F2A34B4FF422791B78A8
:10232000B9FBF3F9B1FBF9F309FB1313B3EB590F45
:102330004FEA590A23BFA3EB0A034FEA420909FBFC
:1023400003F353432BBFB3FBFAF35B00A9EB030387
:10235000B3FBFAF3B1F5A27FDFF86C924FF0640A99
:1023600065D20AFB01FA4FF4A271BAFBF1FA39F80F
:102370001A1011448B42018895BF4FF0010B4FF0AA
:10238000000B4FF0000A4FF0010AB1F5A27F88F868
:1023900000B08EF800A04FF0640054D241434FF4D7
:1023A000A270B1FBF0F139F8111011448B42218871
:1023B00095BF4FF0010E4FF0000E00200120B1F547
:1023C000A27F8CF800E038704FF0640446D261437D
:1023D0004FF4A274B1FBF4F139F811100A4493429E
:1023E00095BF012100210022012231702A70BBF12A
:1023F000000F48D06D4B1C6926053AD44FF090432E
:1024000008249C61BEF1000F63D0694B18698405F4
:1024100055D4664B4FF48060986100297ED0644BA0
:102420001A69D10570D4634B10229A61F1E6A1F5C7
:10243000A2710AFB01F14FF4A27AB1FBFAF139F86B
:102440001110511A96E7A1F5A27141434FF4A27001
:10245000B1FBF0F139F81110511AA7E7A1F5A271FB
:1024600061434FF4A274B1FBF4F139F81110521A20
:10247000B5E74FF400649C624F4C656A636A5B1B6E
:102480008F2BFBD9BAE74FF09043BAF1000F0FD072
:102490001C69250703D4454B4FF40064B1E70824B9
:1024A0009C62454C656A636A5B1B8F2BFBD9F2E724
:1024B00008249C623D4B4FF400649C62A2E74FF4F9
:1024C000007098623C48446A436A1B1B8F2BFBD9FF
:1024D0009FE7364B80B11869400503D4344B4FF465
:1024E000007099E74FF4806098623348446A436A09
:1024F0001B1B8F2BFBD9F1E74FF4806098622C4BAC
:102500004FF40070986288E74FF480729A622A4A0A
:10251000516A536A5B1A8F2BFBD984E7254B7AB13A
:102520001A69D20603D4224B4FF480727DE7102241
:102530009A62214A516A536A5B1A8F2BFBD9F2E7E0
:1025400010229A621A4B4FF480729A6261E60B80F5
:10255000D82303804FF4D87323804FF09043082290
:102560009A624FF40062C3F828284FF48062C3F8DF
:10257000282813444FF400729A620E4A1021916287
:102580004FF480729A620D4A13880BB1013B13809D
:10259000094A136823F001031360094B00221A70E3
:1025A00037E600BF3F2900203929002000080048F5
:1025B0000004004800100048004801401429002091
:1025C0004129002018290020B2D4010838B54FF065
:1025D00090444FF48055A561FCF766F9034808F074
:1025E0002FFA034806F0E3FDA56238BDC8110020AC
:1025F0005C13002008B5FCF735FCBDE80840014835
:1026000008F01EBA7C110020034A044813880133E5
:10261000138006F078BE00BFAC1A0020F81300202B
:10262000034A044813880133138006F06CBE00BFD0
:10263000A01A002070130020034A044813880133B5
:10264000138006F060BE00BFA61A0020B41300205D
:1026500030B53D4A3D4913783D4C0133DBB2137030
:102660003C4A1368013313603B4A138801339BB221
:10267000B3F57A7F138084BF012313800B88013365
:102680009BB24EF6602083420B8084BF4CF25033E5
:102690000B803249002323700B7013880A209BB2F1
:1026A000B3FBF0F500FB15339BB2022B05D12C498F
:1026B0000B780133DBB20B700AE013889BB2B3FBDB
:1026C000F0F500FB15339BB2042B2AD101232370B4
:1026D00013882449244A9BB2042B0CBF01230023F6
:1026E00013700B7801330B7020490B882BB3013B1F
:1026F0000B801F490B880BB1013B0B801D490B88D8
:102700000BB1013B0B801C490B88CBB1013B0B800B
:10271000137813B1194B00221A70194B01221A7049
:1027200030BD138864209BB2B3FBF0F400FB14337C
:102730009BB2052BCCD10123BDE712490B70D8E722
:1027400011490B70E4E700BF7F2400208A24002099
:1027500088240020F82300208424002087240020DF
:102760008D2400207D240020862400203824002091
:10277000FA170020B6290020182A002093290020EB
:102780007A240020372400201A2A002070B5324B0A
:10279000324C5B6A32482278324D334E4FF47A71B4
:1027A00001FB0233028831689A422A7838BF0380DD
:1027B0000132D2B21944632A31602A700FD9B1FBB9
:1027C000F2F12A4A1180002229492A7005880D80D9
:1027D0002849028028480D88326005800A80274AEF
:1027E000274D08219162274A2878117888422ED0F7
:1027F000224908208861A3F57A714B424B41224956
:102800000B7013780133DBB21370204A002323705E
:1028100013780133DBB2642B137084BF0123137070
:1028200013780A22B3FBF2F102FB1133DBB2012B66
:102830000CD117490A780132D2B20A2A0A7005D996
:10284000144A0B7013780133DBB2137070BDB3F50B
:102850007A7F38BF0133C7E7001000407F24002093
:10286000542400205C2400205824002052240020FE
:10287000502400207424002076240020000C0048FE
:102880008D2400208C2400207B2400208224002022
:1028900081240020802400208E4A138870B563B103
:1028A000013B13808C4B1B8840F6B7329BB293429E
:1028B00006D88A4B01221A700FE0894A1370F1E79B
:1028C000884A13880A2B884B16D900211180874A21
:1028D0000A2111704FF47A721A80854B854A0021C3
:1028E0001970117084490978002977D0642101207A
:1028F00018701170814B4FE1814A11880A2904D95F
:1029000000211180794A0B21E3E77E4A11880A29C8
:1029100004D900211180754A0C21DAE77A4A11881E
:102920000A2904D900211180704A1421D1E7774A7D
:1029300011880A2904D9002111806C4A1521C8E7A1
:10294000734A11880A2904D900211180674A162187
:10295000BFE7704A11880A2904D900211180634A0F
:102960001E21B6E76C4A11880A2904D9002111807A
:102970005E4A1F21ADE7694A11880A2904D900215E
:1029800011805A4A2021A4E7654A11880A2904D9EE
:1029900000211180554A28219BE7624A11880A29A3
:1029A00004D900211180514A292192E75E4A1188F9
:1029B0000A2904D9002111804C4A2A2189E75B4A5F
:1029C00011880A2904D900211180484A092180E789
:1029D0001A880AB1013A7FE7444B6CE754494348EF
:1029E00009780078014301D0652180E751490978D1
:1029F000B1B101201870414B662119704E4B117016
:102A0000198811B94D490988198013784C49002B50
:102A100000F01A814B4A13704FF47A730B8070BD2B
:102A20004949097859B101201870344B682119704F
:102A3000414B117019880029E7D14449E3E7444923
:102A4000097859B1012018702C4B692119703A4B43
:102A5000117019880029D8D13E49D4E73E49097838
:102A600059B101201870254B6A211970324B117031
:102A700019880029C9D13949C5E73949097859B1B7
:102A8000012018701D4B6B2119702B4B1170198888
:102A90000029BAD13349B6E73349087833490D786C
:102AA00033490C7840EA0501214367D06721117052
:102AB00021490E8816B94DB1022008800F480988B7
:102AC00041706724047002241C709EE7002C51D0D2
:102AD0000320F2E7D22700208A240020BA1A00201F
:102AE000D4270020B61A00209C1A00209E1A00202D
:102AF000F01A0020121B002008180020F11A0020F4
:102B0000B41A0020B21A0020B01A0020AE1A002019
:102B1000AC1A0020AA1A0020A81A0020A61A002029
:102B2000A41A0020A21A0020A01A0020B81A00201F
:102B3000FC17002014180020B829002016180020C7
:102B4000EE1A0020BA290020C7180020C41800205F
:102B5000F0180020EE1800203E1900203C1900203B
:102B60000A19002008190020EC1A0020CF150020B7
:102B7000CE1500200028A1D004209EE7384909780E
:102B800061B1672111703749088808B901200880B0
:102B900001211970344B6721197036E733480188D9
:102BA00019B1013901807E21A1E63149097809B1C5
:102BB000AA219CE62F49097841B140297FF425AF2D
:102BC0002D490978002933D0C82190E62B4909788E
:102BD00011B36E210120187023481170017028492B
:102BE0000978F9B17020197810704C1C1C701E4CBB
:102BF00060542449097800293FF407AF19784C1C28
:102C00001C70194B9B205854164B107019880029C2
:102C10007FF4FBAE1C49F6E61C4909780029DED09A
:102C20006F21D7E71A4909780029E2D07120DAE745
:102C30001849097809B1C92159E6174909780029C5
:102C40003FF4E3AECA2152E60A88002A3FF4E7AE19
:102C5000013A0A80114A1370024A1380DFE600BF6E
:102C600036240020B8290020F11A002094240020E6
:102C7000D4270020042A0020001A00209D190020DB
:102C80004F1A002022190020201900209C19002032
:102C90004E1A0020E81900201C290020BA29002023
:102CA000F0B56D4B6D4A1B786D486E496E4E03F062
:102CB0000F0313706D4AE3B96D4B1D789DB90B7806
:102CC00013700123057033701378591E0E2900F21A
:102CD000B280DFE801F0B4232729999B9FA1A4B219
:102CE000A6A8AAACAE00634B1C7874B90A241C7069
:102CF0001B780B700123037033785BB91378097864
:102D0000994206D90133137004E00F2CF0D90F2437
:102D1000EDE701D30125D7E7013BF4E71F210F239E
:102D20007D2204E02121FAE723210F237822524853
:102D3000524C017052480370524802705248B0FB26
:102D4000F1F0482148434FF42271B0FBF1F04F49B4
:102D500080B20880002D74D02188013189B242F2FE
:102D6000107C42F22837614588BF3946C729218047
:102D7000474C68D8B4212180464F39880A3989B236
:102D8000BE2984BF0A21398021880A3989B2BE2927
:102D900084BF78212180B4F800C039888C453FBFBA
:102DA0000A213980782121803B490F8897B13B4C1B
:102DB000DFF804E127803A4C4FF0000CA1F800C086
:102DC00021782EF811700131C9B21D2994BF2170EC
:102DD00084F800C0BDB1334C217831B9324D296837
:102DE00041F00101296001212170304909888142A7
:102DF00007D12F490978914203D12E4A12789A427D
:102E000001D001233370F0BD25218EE728210D2349
:102E100064228CE72A21FAE72D210C23F8E72F21E1
:102E2000FBE73421F9E73621F2E73821F5E73A21CB
:102E3000F3E73C21F1E7002313703221EDE71E2177
:102E40006DE7294692E740F6B737B94294D8218812
:102E5000962991D901398EE76B290020402900205D
:102E6000422900203529002034290020362900205D
:102E7000902800208F2800203729002032290020A8
:102E8000382900203E29002040420F003A29002026
:102E900016290020182900201E29002022290020A0
:102EA000D628002041290020004801403C2900206C
:102EB0003F29002039290020D828002036480388DF
:102EC000A3F59C53083B2DE9F0479BB24DF2D86225
:102ED000934284BF42F210730380304F304B93F81B
:102EE00000E03B789E453DD02E4CDFF8D080227824
:102EF000DFF8BC900026B44635463146B246013371
:102F0000DBB2202B28BF002358F82360B6F1FF3F27
:102F10002DD1062A05D829F812A00132D2B24FF0DD
:102F2000010C9E45EBD1BCF1000F00D022703B702C
:102F3000A9B1B5FBF1F521781B4B06294FF4C872F6
:102F40001B68B3FBF2F3194A05FB03F3B2FBF3F280
:102F5000174B92B20FD823F8112001312170154B75
:102F600001221A70144B02881A80BDE8F0870131E3
:102F70003544C9B2D5E79989D98159899981198987
:102F80005981D98819819988D98059889980198857
:102F900059801A80E3E700BFF627002002280020AE
:102FA00001280020DD270020FC27002000BF2F2063
:102FB000DE27002000280020F42700200828002019
:102FC000F0B50646BDF8140083421AD88E4235D1BA
:102FD000184632E08B4230D9591A2DE0721A0CFB98
:102FE00002F26A43B2FBF7F20532B2FBF5F220B10E
:102FF000944204D9A21A90B21FE01A44FBE70020C1
:103000001BE08E42E4D0964217D01C4603460120B6
:103010008E42A4EB030CA2EB01074FF00A05DDD2B0
:10302000891B0CFB01F16943B1FBF7F10531B1FBE1
:10303000F5F10028CED0214488B2F0BD9642FCD0F4
:1030400004460020E4E7012830B501D880B230BD45
:1030500013281ED9C7281ED9B0F5FA6F2CBFC82374
:1030600064236521B0FBF3F29C18551CB5EB540F9B
:103070004FEA540301D198B2E9E7541E9C4201D1B2
:1030800090B2E4E7013911F0FF01F4D09A42E9D19E
:10309000F1E70223E5E70A23E3E70000034AD2F859
:1030A000883043F47003C2F88830704700ED00E0C8
:1030B000024A137801331370704700BF3B3200207F
:1030C0000F4B104A1B88A3F6B8339BB2B3F5167F9B
:1030D00002D90023138070471188B1F57A7F0DD390
:1030E000094B1B880A3B9BB2282B02D94FF47A73F9
:1030F000F0E7B1F5FA6F01D3FFF7DABF704700BF11
:10310000341A00203832002016180020164B174AB7
:103110001B88A3F596539BB2B3F5C87F02D9002351
:1031200013807047124B1B88913B9BB20A2BF6D839
:10313000104B1B889B339BB20A2BF0D80E4B1B887D
:10314000EB3B9BB20A2BEAD80C4B1B88A3F5C87348
:103150009BB2322BE3D81388B3F5FA6F21BF084A2C
:103160001378013313707047F218002038320020B2
:103170000C19002040190020C81800202419002034
:103180003B32002010B50D4C2388642B08D1002061
:1031900004F0F4FF0A4B1B780BB10023238010BD11
:1031A000C82B03D1002004F0B5FEF3E7B3F5FA6FA6
:1031B00021BF044A137801331370F0E7383200203E
:1031C000282400203B3200200A4B0B4A1B780A3B84
:1031D0001E2B02D9002313807047084B1B780A3B33
:1031E0001E2BF7D81388B3F5FA6F01D9FFF760BF2C
:1031F000704700BF9A190020383200204C1A002076
:10320000114A1388B3F57A7F0AD2104B1B88A3F5B5
:103210002F639BB2B3F5C87F15D900231380704785
:10322000B3F5FA6F0BD2094B1B886FF42F610B4477
:103230009BB2B3F5C77F06D84FF47A73EEE7044A22
:10324000137801331370704738320020641800205F
:103250003B3200200B4B1A88B2F57A7F04D20A4A1F
:10326000127872B91A807047B2F5FA6F05D2064A21
:10327000127832B14FF47A72F4E7044A13780133CA
:103280001370704738320020541900203B32002060
:103290000B4B1B8841F26F7293420ED84FF4FA72B7
:1032A000B3FBF2F102FB11339BB2F92B054B4FF448
:1032B000805294BF9A619A627047FFF7F9BE00BFCF
:1032C00038320020000800480B4B1B8841F26F7217
:1032D00093420ED84FF4FA72B3FBF2F102FB1133B2
:1032E0009BB2F92B054B4FF0800294BF9A619A6212
:1032F0007047FFF7DDBE00BF3832002000080048ED
:103300000B4B1B8841F26F7293420ED84FF4FA7246
:10331000B3FBF2F102FB11339BB2F92B054B4FF0DB
:10332000040294BF9A619A627047FFF7C1BE00BF62
:1033300038320020001000480B4B1B8841F26F729E
:1033400093420FD84FF4FA72B3FBF2F102FB113340
:103350009BB2F92B4FF090434FF4004294BF9A6117
:103360009A627047FFF7A4BE38320020024A1378F1
:1033700001331370704700BF3B3200200D4B1B8898
:1033800040F6B732934203D80B4B40229A61704704
:1033900041F28732934203D8074B40229A6270472A
:1033A00042F20F729342EFD942F603129342F3D9DD
:1033B000FFF77EBE3832002000140048164B1A88F2
:1033C000182A07D8154A1288B2F5967F23D9002209
:1033D0001A807047312A07D8104A118840F6B73250
:1033E000914218D81922F3E74A2A06D80B4A1288C4
:1033F000B2F5967F0FD93222EAE7632A07D8074A47
:10340000118840F6B732914205D84B22E0E7044AD2
:10341000137801331370704738320020841A00206B
:103420003B32002010B42D4B2D4A1B782D4C2E48DA
:103430002BB91370237003805DF8044B7047237819
:1034400011788B4209BF0388217001339BB218BFEA
:10345000002303800D293FD8DFE801F0070A0E1290
:10346000161A1E22262A2E32363A01231370E3E75B
:103470005DF8044BFFF724BE5DF8044BFFF746BE32
:103480005DF8044BFFF77EBE5DF8044BFFF79CBE72
:103490005DF8044BFFF7B4BE5DF8044BFFF7DABEEE
:1034A0005DF8044BFFF7F4BE5DF8044BFFF70CBF6B
:1034B0005DF8044BFFF724BF5DF8044BFFF73CBFFA
:1034C0005DF8044BFFF752BF5DF8044BFFF756BFA2
:1034D0005DF8044BFFF772BF0023C7E73C320020C2
:1034E0003B3200203A32002038320020084A094B93
:1034F00011881B8810B54C1C1480074A03EB03236A
:1035000013445854054B1A881044188010BD00BF4E
:103510001C2A00201E2A0020242A002070320020AD
:10352000284B294ADFF8ACC02DE9F0411C8804EB98
:1035300004231344002093F80011ACF80000012983
:103540004FEA042631D95D5C204B1B780F339D4236
:1035500004D01F4B1B780F339D4226D112294FF008
:1035600000058CBFCB1E8B1E3719DBB21744AE464D
:1035700028461FFA85F8434519D2BEF1000F02D044
:103580000133ACF80030264432440A44C0431229C7
:1035900012F8013C80B212D912F8022C03EB02237C
:1035A0009BB2834214BF00200120BDE8F08117F8D0
:1035B00001EB704480B201354FF0010ED9E7C0B283
:1035C0009842EFE72C2E0020322E0020042A002003
:1035D000032A00202A2E0020074B1B784BB9074BEB
:1035E000074A1B8803EB032313445A78054B1A70D0
:1035F0007047054B0122FAE76E3200202C2E002086
:10360000322E0020AE2900206D32002010B5204A55
:1036100013780133DBB2042B13701ED90E2B07D99C
:10362000002313700020FFF761FF1A4B187810E099
:10363000194C2378002BF3D00E201070FFF756FFA3
:103640002078164CFFF752FF2088000AFFF74EFF44
:103650002078BDE81040FFF749BF013B032BE1D8BC
:10366000DFE803F002070C110120FFF73FFF0C4BCE
:10367000DCE70220FFF73AFF0A4BD7E70320FFF70A
:1036800035FF094BD2E70420FFF730FF074BCDE7AA
:103690006C320020A9290020BA290020B829002076
:1036A000AD290020AC290020AA290020AB29002048
:1036B00030B5264B264C1978002934D000222270D0
:1036C00010461146234B24781A70234B1870234B55
:1036D0001970234B00251D700CB180241C701AB189
:1036E0001A7842F040021A7018B11A7842F020029B
:1036F0001A7019B11A7842F010021A70194A127829
:103700000AB102221A70184A12881AB11A7842F0C5
:1037100001021A70154B1A78154B1A70154B1A784E
:10372000154B1A7030BD154B1B7803F00702052AA4
:1037300028BF002213F02000227008BFC3F300113D
:10374000C3F3801218BF0120BCE700BF002A00208D
:10375000A8290020A1290020A02900209F290020BD
:10376000A929002054190020B82900209A19002006
:10377000AD2900204C1A0020AC290020AE290020E1
:1037800070B5694B1978032900F2CB80DFE801F0AE
:10379000020C151E654B664A1B8803EB032313447A
:1037A0005A78644B1A703BE0604B614A1B8803EB0C
:1037B000032313445A78604BF4E75C4B5C4A1B8844
:1037C00003EB032313445A785C4BEBE7574B584CFD
:1037D0001B8803EB032020441A024078451E152D58
:1037E00055D8DFE805F00B0E1154545454545414BA
:1037F0001E54545454545454543D4F4F504B012272
:10380000D0E74F4B0222CDE74D4B0322CAE71344CA
:1038100023444C499A78DB784B7001230A708B70F3
:1038200070BD134423449A78D878197900EB0220AC
:10383000454A01EB002191619879597900EB01200B
:10384000D97901EB0021D161187A597A9B7A01EB81
:10385000002103EB012313623C4B01221A76DFE7C0
:10386000134423443A49DA7801200870997802EB2E
:10387000012238490A801A795B7903EB0223364A20
:103880001380CDE7354B4FF47A721A80C8E7304D7C
:1038900000261E382E70032841D8DFE800F00222EF
:1038A000343DD11821448D78C87800EB05202C4D8B
:1038B000288008792B4908702B48002101702B487B
:1038C000017005211A44A318294A5B5C190911707B
:1038D000284AC3F381011170274A03F003031370D0
:1038E0009EE7D11821448D78C87800EB05201C4D47
:1038F00028800879214908701B49012008701B495C
:1039000000200870DDE7194801250570D018204413
:1039100085781B480570D5E714480225FAE702218F
:10392000D0E7184B6BE700BF6E3200202C2E002032
:10393000322E00209D2900209C2900209B29002058
:103940007C290020AA160020C01600205C17002049
:1039500067160020F4170020F2170020B629002077
:10396000E41A0020E21A0020E01A00206D16002060
:10397000E81A0020E61A0020DF1A0020E11A0020D1
:10398000E71A00206D32002070B58B4B1A78013297
:10399000D2B2022A1A7034D9032A0FD1874A128868
:1039A00022B1874A92F82720012A09D004221A70EE
:1039B000844A127822B905221A7001E0042AF7D04D
:1039C0001A78052A1CD1804A127892B10E221A70F8
:1039D0001E20FFF78BFD7C4B7C4C1878FFF786FD93
:1039E0002088000AFFF782FD2078BDE87040FFF7CD
:1039F0007DBD00221A701020FFF778FD744B29E07E
:103A0000F7D81B780E2BF6D801A252F823F000BF8E
:103A1000F73901084D3A0108593A01086B3A010893
:103A2000AF3B0108F7390108F7390108F7390108F8
:103A3000F7390108F7390108F7390108F7390108A2
:103A4000F7390108F7390108D13901081120FFF7CA
:103A50004DFD604B1878C8E71220FFF747FD5E4B1D
:103A60001878FFF743FD5D4BF4E75D4D544C132090
:103A7000FFF73CFD2878012841D194F82730002B2E
:103A80007BD0FFF733FD2078FFF730FD6078FFF73C
:103A90002DFDA078FFF72AFDE078FFF727FD2079BC
:103AA000FFF724FD6079FFF721FDA079FFF71EFDE8
:103AB000E079FFF71BFD207AFFF718FD607AFFF72A
:103AC00015FDA07AFFF712FDE07AFFF70FFD207BCE
:103AD000FFF70CFD607BFFF709FDA07BFFF706FDFC
:103AE000E07BFFF703FD207CFFF700FD607CFFF724
:103AF000FDFCA07CFFF7FAFC00232B7070BD0228B0
:103B000011D194F82730002B37D0FFF7EFFCE07C81
:103B1000FFF7ECFC207DFFF7E9FCE08A000AFFF7E5
:103B2000E5FCA07DE6E7032827D194F8273023B3EE
:103B3000FFF7DCFCA669C6F30740FFF7D7FCC6F326
:103B40000720FFF7D3FCF0B2FFF7D0FCE669C6F31D
:103B50000740FFF7CBFCC6F30720FFF7C7FCF0B226
:103B6000FFF7C4FC246AC4F30740FFF7BFFCC4F3AB
:103B70000720FFF7BBFCE0B2BCE71A4D94F82A20FF
:103B80002B789A4209D00520FFF7B0FC94F82A0060
:103B9000FFF7ACFC94F82A30AFE7134C0420FFF792
:103BA000A5FC2078FFF7A2FC00232370A6E71420D1
:103BB000FFF79CFC0D4B4DE76C320020A81600204F
:103BC000C016002050180020BA290020B829002073
:103BD0009A2900209929002098290020972900205F
:103BE0007C29002093290020942900209529002079
:103BF0004A4B19884A4B10B5002971D01A7872B90E
:103C0000484A12780AB180221A70474A1478002C68
:103C100055D0002010701A7842F040021A70434BC1
:103C20001A78434B003A18BF0122D2011A7029B901
:103C30003C49097811B142F040021A703D4A12889D
:103C40001AB11A7842F020021A703B4A12881AB947
:103C50001A7842F010021A70384A1278032A02BF0A
:103C60001A7842F008021A70354A1278032A02BF05
:103C70001A7842F004021A70324A1278032A02BFFC
:103C80001A7842F002021A702F4A1278032A02BFF1
:103C90001A7842F001021A702C4B1A782C4B1A70C9
:103CA0002C4B1A78002A2ED000221A702A4B1B881F
:103CB0000A220533B3FBF2F3284A137010BD284AD9
:103CC000107820B114701A7842F02002A6E7254A35
:103CD0001478002CA3D010701A7842F010029DE7DF
:103CE0001970214B1B78002B99D0204A204B127859
:103CF00019700AB101221A701E4A1278002A8ED059
:103D00001A7802328AE71C4B19780029D6D01A702B
:103D10001A4B1A881A4B1A70D0E700BFA816002059
:103D200094290020952800205418002054190020C0
:103D30009A2900202018002024180020B2290020F1
:103D4000B1290020B0290020AF2900209A190020B5
:103D500099290020391800203C18002097290020BC
:103D60005318002052180020501800201D1B00205E
:103D7000952900201E1B002038180020361800202E
:103D80009829002030B5A94B1B78052B00F2B08292
:103D9000DFE813F00600100021002A00AE02A502A1
:103DA000A34BA44A1B8803EB032313445A78A24B6A
:103DB0001A7045E09E4B9F4A1B8803EB0323134474
:103DC0005A789E4B1A709E4B1A88002A38D04FF4AE
:103DD000FA721A8034E0964B964A1B8803EB032351
:103DE00013445A78974BE3E7914B92491B8803EBB6
:103DF000032008441A024078441E152C65D8DFE8D9
:103E000004F00B0E11646464646464142040646400
:103E1000646464646445575B8B4B0122C8E78A4B3A
:103E20000222C5E7884B0322C2E78848447A3CB99E
:103E300013440B449A78DB7803720123C2714372F6
:103E400030BD13440B449A78D878197900EB0220DE
:103E50007F4A01EB0021D1649879597900EB012068
:103E6000D97901EB00211165187A597A9B7A01EB17
:103E7000002103EB01235365764B012283F8402098
:103E8000DEE713440B449A78734B91E713440B44D9
:103E900072489978DA7802EB012271490A801A791E
:103EA0005B7903EB02236F4A012444701380C7E758
:103EB0006D4B4FF47A728CE713440B4460489A7848
:103EC0006A4B4FF4FA74048072E7644C00251E3884
:103ED00065703628B4D801A454F820F0B93F010821
:103EE000DF3F01080140010891400108B740010887
:103EF000E1400108413E0108413E0108413E010800
:103F0000413E0108EF400108114101083341010819
:103F1000414101085B410108413E0108413E010861
:103F2000413E0108413E0108413E01086741010848
:103F300087410108A7410108C7410108E141010883
:103F4000413E0108413E0108413E0108413E010851
:103F5000413E0108FD4101080B42010819420108D8
:103F60002542010841420108413E0108413E010845
:103F7000413E0108413E0108413E01084D42010811
:103F80005942010865420108714201088D42010849
:103F9000413E0108413E0108413E0108413E010801
:103FA000413E010899420108A5420108B1420108B9
:103FB000BD420108C94201082D480324134404707E
:103FC0000B442C482C4A99781170012404702B481A
:103FD000D9782B4A0024447011701A7924E02448BF
:103FE0000324047013442348234A01240B4404701F
:103FF00022489978002444701170D978214AEBE75F
:104000001B48134403240B4404701A4C9978DA7843
:1040100001202070194C02EB01221B4960700A80BC
:104020001979174A11705A79184BC1E66E3200207F
:104030002C2E0020322E00209229002091290020D1
:10404000FA170020902900207C290020AA160020C1
:10405000C01600205C170020D01500206716002035
:10406000F4170020F2170020B6290020F9170020CD
:10407000EB1A0020DE1A0020D51A00206D16002051
:104080008929002088290020DA1A0020DD1A002062
:104090009848134403240B440470974C9978DA78B9
:1040A00001202070954C02EB0122954960700A8036
:1040B0001979944AB6E713440B44934A99781170DE
:1040C000904AD9788B4811701A79904B0324047068
:1040D0001A708948894B0124022204705A70AFE695
:1040E000844C03202070844C012525707DE081489C
:1040F0000324134404700B447F489978DA7802242F
:1041000004707E48002402EB01224470804986E757
:1041100078480324134404700B4477489978DA787C
:10412000022404707548002402EB0122447078498F
:10413000BDE77048032404706F480224047037E020
:104140006C48032404706C4C0220134420700B4410
:104150006A4C99786F4A60704EE7664C0320207075
:104160000225654CC1E7634C03202070624C20702F
:1041700013440B4461489978DA78002402EB012259
:10418000447065494BE75B4C032020705A4C20700B
:1041900013440B4459489978DA78002402EB012241
:1041A00044705D4983E7534C03202070524C2070CB
:1041B00013440B4451489978DA78012402EB012228
:1041C0004470564973E74B4C032020704A4C13440B
:1041D00020700B4449489978514A022444700BE7F7
:1041E000444C03202070444C2070444C13446070B5
:1041F0000B444C4A99781170DA7815E73D4803244E
:1042000004703D4804240470B2E73A480324047063
:10421000394804240470BBE7364803240470364848
:1042200004248BE7334803240470334804241344E4
:1042300004700B44314899783B4A02244470DBE611
:104240002C4C0320207004252B4C4EE729480324D6
:10425000047029480524D6E726480324047026481C
:104260000524D7E72348032404702348052465E781
:1042700020480324047020480524134404700B4490
:104280001E489978294A02244470B5E6194C032047
:1042900020700525184C28E716480324047016489A
:1042A0000624B0E713480324047013480624B1E73A
:1042B000104803240470104806243FE70D480324E7
:1042C00004700D480624D8E70A4C032020700A4CDD
:1042D00006252570094C1A4460708B1889E7144B29
:1042E000144A1B8803EB032313445A78124B5FE5EF
:1042F000124B92E5EB1A0020DE1A00206D1600200A
:10430000DA1A002088290020D21A0020DD1A0020A5
:10431000CC1A0020D11A0020C01A0020BE1A00209A
:10432000D01A0020DC1A0020CF1A0020CE1A00205C
:104330002C2E0020322E00205F1800206D3200202D
:10434000F8B5B14AB14B1178B1B1197000211170B3
:104350001B780E2B70D8DFE813F06F007700930006
:104360009D002300320050008D019701AC016F00C9
:104370006F006F006F0045001A780132D2B2032A35
:104380001A7055D1A24A1288002A40F08380A14AAF
:104390001278002A7ED1A04A12785AB104221A70EB
:1043A0002420FFF7A3F89C4B1B78002B00F06081C2
:1043B0009A4B6DE09A4A12787AB105221A7025203C
:1043C000FFF794F8974B187800286DD1944B1B7821
:1043D000002B00F04D81012066E0934A127852B123
:1043E0000E221A702E20FFF781F88F4B8F4C187811
:1043F000FFF77CF842E106221A702620FFF776F8D4
:104400008B4B18788B4B01381B7818BF0120C001EB
:104410000BB140F04000884C238800EB1320C0B261
:10442000FFF764F82078FFF761F80023238097E016
:10443000092A06D100221A702020FFF757F87F4B77
:1044400026E00F2A84D1F5E77D4C2120FFF74EF8B6
:10445000207840B9FFF74AF87A4B1878FFF746F80A
:10446000012323707CE0784D0120FFF73FF8288876
:10447000000AFFF73BF82878FFF738F80023F0E749
:104480002220FFF733F8714B1878FFF72FF8704BA5
:10449000187809E02320FFF729F85E4B1E783EB11B
:1044A0006C4B18786430C0B2BDE8F840FFF71EB816
:1044B000694D6A4C2878012853D194F85B30002B61
:1044C00000F09180FFF712F894F83400FFF70EF82F
:1044D00094F83500FFF70AF894F83600FFF706F86D
:1044E00094F83700FFF702F894F83800FEF7FEFF63
:1044F00094F83900FEF7FAFF94F83A00FEF7F6FF59
:1045000094F83B00FEF7F2FF94F83C00FEF7EEFF54
:1045100094F83D00FEF7EAFF94F83E00FEF7E6FF50
:1045200094F83F00FEF7E2FF94F84000FEF7DEFF4C
:1045300094F84100FEF7DAFF94F84200FEF7D6FF48
:1045400094F84300FEF7D2FF94F84400FEF7CEFF44
:10455000607CFEF7CBFF94F84600FEF7C7FF2E7095
:10456000F8BD022815D194F85B30002B3BD0FEF744
:10457000BDFF94F84700FEF7B9FF94F84800FEF736
:10458000B5FFB4F84A00000AFEF7B0FF94F84A00FD
:10459000E3E7032827D194F85B3023B3FEF7A6FFA7
:1045A000E76CC7F30740FEF7A1FFC7F30720FEF74C
:1045B0009DFFF8B2FEF79AFF276DC7F30740FEF79D
:1045C00095FFC7F30720FEF791FFF8B2FEF78EFFC5
:1045D000646DC4F30740FEF789FFC4F30720FEF7BC
:1045E00085FFE0B2B9E71E4D94F85E202B789A4221
:1045F00038D00520FEF77AFF94F85E00FEF776FFCC
:1046000094F85E302B70ABE7912900206C320020CB
:10461000A61600205E1800206318002087290020BD
:104620006118002048180020BA290020B82900206D
:104630008329002096280020842900208F2900202B
:10464000862900208C290020EA1800208E290020CD
:104650008D2900205C1800207C290020C016002035
:104660008A290020224C0420FEF740FF207803E72F
:10467000002019E72720FEF739FF1E4C2088000A8A
:10468000FEF734FF20780FE72820FEF72FFF1A4BA4
:104690001A7862B119490C68B4FBF2F40022C4F331
:1046A00007200A601A70FEF721FFE0B2FCE6144C06
:1046B000E4E72920FEF71AFF124B1878124B013855
:1046C0001B7818BF0120C0010BB140F040000F4C17
:1046D000084D238800EB1320C0B2FEF707FF2078B7
:1046E000FEF704FF2888000AFEF700FF28789AE604
:1046F0008B290020F627002096180020981800200B
:104700009C1800208329002096280020842900205E
:1047100070B5504B50491A78504B1B88003A18BF5F
:10472000012253B10D784DB94D480478D3010B7077
:10473000002C75D0057043F040030B70494B19787D
:10474000494BB9B1402119704849097809B1412153
:1047500019704749097811B1197802311970454922
:10476000097811B11978043119704349097811B1E8
:104770001978083119704149414B09789201032990
:104780001A7004BF42F010021A703E4A1278032ACF
:1047900002BF1A7842F004021A703B4A1278032AC8
:1047A00002BF1A7842F002021A70384A1278032ABD
:1047B00002BF1A7842F001021A70354B1A784AB1DA
:1047C00000221A70334B1B880A220533B3FBF2F325
:1047D000314A1370314B1A782AB100221A70304BCB
:1047E0001A88304B1A7030490B8883B92F4D304CE2
:1047F000287860B30246013AD2B234F812603344EA
:104800009BB2002AF7D1B3FBF0F32A700B80294B3F
:104810001A78294B1A70294B1A78294B1A7070BDD7
:10482000284805781DB1047043F0200385E7264829
:1048300004781CB1057043F010037EE72348057827
:10484000002D3FF47BAF047043F0080375E7238825
:10485000DCE700BF962800208B290020A616002048
:104860005418002063180020872900201D1B0020F9
:104870001E1B00201B1B00201C1B0020B229002037
:104880008F290020B1290020B0290020AF29002065
:10489000391800203C1800208D29002038180020ED
:1048A000361800208E29002084290020DD270020D2
:1048B000DE270020EE270020832900209A190020FF
:1048C0008C29002053180020521800205118002075
:1048D00070B57B4B1978062900F2F080DFE811F003
:1048E000070014001D002600EE00D100DB00754B10
:1048F00000221A80744B754A1B8803EB0323134470
:104900005A78734B1A703BE06F4B704A1B8803EB6D
:10491000032313445A786F4BF4E76B4B6B4A1B88A5
:1049200003EB032313445A786B4BEBE7664B674C5E
:104930001B8803EB032020441A024078451E142DE7
:1049400055D8DFE805F00B0E115454545454541448
:104950001E54545454545454543D4F005F4B012240
:10496000D0E75E4B0222CDE75C4B0322CAE713443B
:1049700023445B499A78DB784B7001230A708B7073
:1049800070BD134423449A78D878197900EB02203B
:10499000544A01EB002191619879597900EB01208B
:1049A000D97901EB0021D161187A597A9B7A01EB10
:1049B000002103EB012313624B4B01221A76DFE740
:1049C000134423444949DA7801200870997802EBAE
:1049D000012247490A801A795B7903EB0223454A91
:1049E0001380CDE7444B4FF47A721A80C8E73F4DED
:1049F00000261E382E70032841D8DFE800F002227E
:104A0000343DD11821448D78C87800EB05203B4D0A
:104A1000288008793A4908703A48002101703A48DC
:104A2000017005211A44A318384A5B5C19091170FA
:104A3000374AC3F381011170364A03F00303137040
:104A40009EE7D11821448D78C87800EB05202B4DC6
:104A500028800879304908702A49012008702A49BD
:104A600000200870DDE7284801250570D018204493
:104A700085782A480570D5E723480225FAE7022100
:104A8000D0E7104B1A88002A7FF47AAF24490A70C5
:104A90004FF4FA62A9E70C4B0C4A1B88214803EB40
:104AA00003231344204A5B781909062903F00F03F6
:104AB000117003707FF664AF0023C0E71B4B4EE715
:104AC0006E320020702900202C2E0020322E002073
:104AD00082290020812900209B2900207C29002098
:104AE000AA160020C01600205C17002067160020C0
:104AF000F4170020F2170020B6290020E41A002045
:104B0000E21A0020E01A00206D160020E81A0020AA
:104B1000E61A0020DF1A0020E11A0020E71A002020
:104B20006D29002075290020742900206D32002095
:104B300070B58B4B1A780132D2B2022A1A7031D971
:104B4000032A0FD1874A128822B1874A92F8272078
:104B5000012A09D004221A70844A127822B9052247
:104B60001A7001E0042AF7D01A78052A19D1804A70
:104B700012787AB10E221A703E20FEF7B7FC7C4BF9
:104B80007C4C1878FEF7B2FC2088000AFEF7AEFCD9
:104B9000207830E000221A703020FEF7A7FC764C17
:104BA000D2E0F7D81B780E2BF6D801A252F823F0EA
:104BB000994B0108ED4B0108FF4B0108114C01080E
:104BC000554D0108994B0108994B0108994B010873
:104BD000994B0108994B0108994B0108994B010821
:104BE000994B0108994B0108794B01083120FEF7D8
:104BF0007DFC624B1878BDE87040FEF777BC322030
:104C0000FEF774FC5E4B1878FEF770FC5D4BF1E725
:104C10005D4D554C3320FEF769FC2878012841D1C1
:104C200094F82730002B7BD0FEF760FC2078FEF74D
:104C30005DFC6078FEF75AFCA078FEF757FCE07840
:104C4000FEF754FC2079FEF751FC6079FEF74EFC2C
:104C5000A079FEF74BFCE079FEF748FC207AFEF7DE
:104C600045FC607AFEF742FCA07AFEF73FFCE07A52
:104C7000FEF73CFC207BFEF739FC607BFEF736FC40
:104C8000A07BFEF733FCE07BFEF730FC207CFEF7D8
:104C90002DFC607CFEF72AFCA07CFEF727FC00239D
:104CA0002B7070BD022811D194F82730002B37D01B
:104CB000FEF71CFCE07CFEF719FC207DFEF716FCDD
:104CC000E08A000AFEF712FCA07DE6E7032827D160
:104CD00094F8273023B3FEF709FCA669C6F3074012
:104CE000FEF704FCC6F30720FEF700FCF0B2FEF767
:104CF000FDFBE669C6F30740FEF7F8FBC6F30720A5
:104D0000FEF7F4FBF0B2FEF7F1FB246AC4F30740B0
:104D1000FEF7ECFBC4F30720FEF7E8FBE0B2BCE7CC
:104D20001A4D94F82A202B789A4209D00520FEF7D4
:104D3000DDFB94F82A00FEF7D9FB94F82A30AFE7A0
:104D40000420FEF7D3FB124C2078FEF7CFFB0023A4
:104D50002370A6E73420FEF7C9FB0E4B4AE700BFDD
:104D60006C320020A8160020C01600205018002029
:104D7000BA290020B8290020802900207F2900209E
:104D80007E2900207D2900207C29002093290020F5
:104D90009429002095290020494B1988494B10B5CA
:104DA000002900F08B801A7872B9474A12780AB14C
:104DB00080221A70454A1478002C6ED000201070A2
:104DC0001A7842F040021A70414B1A78414B5AB19E
:104DD00040221A70404A12780AB141221A703F4AA2
:104DE000127812B11A7802321A703D4B1A783D4B84
:104DF000003A18BF0122D2011A7029B93249097844
:104E000011B142F040021A70374A12881AB11A786A
:104E100042F020021A70354A12881AB91A7842F004
:104E200010021A70324A1278032A02BF1A7842F02E
:104E300008021A702F4A1278032A02BF1A7842F029
:104E400004021A702C4A1278032A02BF1A7842F020
:104E500002021A70294A1278032A02BF1A7842F015
:104E600001021A70264B1A78264B1A70264B1A78B4
:104E70004AB100221A70254B1B880A220533B3FB66
:104E8000F2F3234A1370234B1A782AB100221A70C6
:104E9000214B1A88214B1A7010BD214A107820B17D
:104EA00014701A7842F020028DE71E4A1478002C04
:104EB0008AD010701A7842F0100284E7197083E7E4
:104EC000A8160020942900209528002054180020BE
:104ED00050180020952900201D1B00201E1B0020BB
:104EE00054190020802900207A290020241800204D
:104EF000B2290020B1290020B0290020AF290020CC
:104F00009A1900207F290020391800203C18002021
:104F10007D29002038180020361800207E29002026
:104F200053180020521800200E4B1B785BB90E4A14
:104F300013800E4B0E4A1B8803EB032313445A784D
:104F40000C4B1A707047052B09D1074B1A88002AA1
:104F5000F8D109490A704FF4FA621A807047074B7A
:104F60000122EEE76E3200206E2900202C2E002058
:104F7000322E00206B2900206D2900206D32002088
:104F800070B55149514A0B784BB1013B0B7000236E
:104F900013704020FEF7AAFA4D4B187816E01378EC
:104FA0000133DBB2062B137058D94A4D2C788CB1E3
:104FB0000E23494C13704E20FEF798FA2878FEF71E
:104FC00095FA2088000AFEF791FA2078BDE8704033
:104FD000FEF78CBA414B1B78002BD8D0404B1B7886
:104FE000002BD4D03F4E3378002BD0D0072347205E
:104FF0001370FEF77BFA364B1878FEF777FA3A4AC9
:105000003A4B15681978B5FBF1F5C5F30720146024
:105010001C70FEF76BFAE8B2FEF768FA344A354BBB
:1050200015681978B5FBF1F5C5F3072014601C70FD
:10503000FEF75CFAE8B2FEF759FA2F4A2F4B1568D3
:105040001978B5FBF1F5C5F3072014601C70FEF765
:105050004DFAE8B2FEF74AFA3078B7E7013B052B84
:1050600097D8DFE803F003151B21262B4120FEF71C
:105070003DFA1D491D4B1A780C68B4FBF2F400226E
:105080000A60C4F307201A70FEF730FAE0B29DE719
:105090004220FEF72BFA1649164BECE74320FEF7A9
:1050A00025FA1549154BE6E74420FEF71FFA144B85
:1050B00073E74520FEF71AFA124B6EE74620FEF71B
:1050C00015FA084B69E700BFBE2800206C320020AB
:1050D0006A290020BA290020B8290020B028002021
:1050E000B2280020622900205C29002058290020D5
:1050F0004C2900204B290020542900205029002051
:10510000612900206029002007B5354B354A1B88EE
:1051100011680B441360344A137801331370334A17
:10512000334B11681B880B441360324A13780133E8
:105130001370314A314B11681B880B441360304A9D
:105140001378013313702F4B00221A702E4A1278F5
:105150000AB180221A702D4A12781AB11A7842F0D8
:1051600040021A702A4A12781AB11A7842F02002C4
:105170001A70284A12781AB11A7842F010021A707E
:10518000254B1A78254B1A70254B1A78254B1A7027
:10519000254B1A782AB100221A70244B1A88244B06
:1051A0001A70244B24490A221A70244B164A1B6990
:1051B0000DF10700C3F380038DF80730F7F706FD04
:1051C0001F4B124A1B691F49C3F380230DF10700CF
:1051D0008DF80730F7F7FAFC03B05DF804FB00BF69
:1051E000682900205C29002058290020542900202B
:1051F00066290020502900204C2900206429002025
:105200004B2900206A290020B2280020B028002065
:10521000BD280020541900209A190020612900207F
:105220004C1A002060290020381800203618002071
:105230006229002094280020B1280020000800489E
:1052400000140048AF28002038B5194A13780133FC
:10525000DBB2022B28BF0023137043B95020FEF7A6
:1052600045F9144B1878BDE83840FEF73FB9012BDB
:105270001CD15120FEF73AF90F4B104C1B782088B7
:105280000F4D013B18BF0123000A00EBC310C0B251
:10529000FEF72CF92078FEF729F92888000AFEF796
:1052A00025F92878FEF722F90023238038BD00BFB6
:1052B0006C3200204A29002047290020482900207C
:1052C000F627002070B5234B00221A70224A12786C
:1052D0000AB180221A70214A127812B11A7840322B
:1052E0001A701F4A127812B11A7801321A701D49C9
:1052F0000B889BB91C4D1D4C2878D8B10246013A49
:10530000D2B234F8126033449BB2002AF7D1B3FB17
:10531000F0F32A700B800BB1154B1A80154B1A78DD
:10532000154B1A70124A1388B3F57A7F05D20133F0
:10533000138070BD23880B80F0E7104A1388A3F513
:105340000C53283B9BB2B3F5FA6FF2D942F21073BB
:10535000EEE700BF4A290020E7170020E5170020EC
:105360004629002048290020DD270020DE270020D4
:10537000D0270020EE27002047290020F627002014
:1053800010B5164C2378E3B9FEF792F92378102B69
:105390001BD1FEF72DFC2378202B01D1FFF7B8F9A4
:1053A0002378302B15D1FFF7F7FC2378402B01D160
:1053B000FFF7AAFE2378502B0FD1BDE81040FFF76E
:1053C00081BF074B00221A70E0E7064B00221A70DB
:1053D000E1E7044B00221A70E7E710BD042A002021
:1053E000A82900209629002010B5A020FEF77EF8FD
:1053F0000024E0B20134FEF779F81E2CF9D110BD7B
:1054000010B5B020FEF772F8094B1878FEF76EF869
:10541000084B1878FEF76AF8074B1878FEF766F81D
:105420000024E0B20134FEF761F8C82CF9D110BDB8
:10543000822400208124002080240020F8B55A4CCA
:105440005A4D5B4E002323802B805A4B30781B78BB
:105450000A2B01D10A306EE00B2B03D0564A12788A
:10546000002A58D10B30C0B2FEF740F8534B544FCE
:105470001878FEF73BF80220FEF738F80220FEF716
:1054800035F80720FEF732F83878FEF72FF87878ED
:10549000FEF72CF8B878FEF729F8F878FEF726F82A
:1054A0003879FEF723F87879FEF720F8B879FEF717
:1054B0001DF8F879FEF71AF8387AFEF717F8787AB7
:1054C000FEF714F8B87AFEF711F8F87AFEF70EF83E
:1054D0002F882388FF43BFB2102B2F8002D9380AB0
:1054E000FEF704F8F8B2FEF701F83078354D0F30CA
:1054F000C0B2FDF7FBFF2A8833492088531C02EB1A
:1055000002229BB20A440138042B28BF002382F8F0
:1055100000012B80F8BD0C3B032B12D801A252F8DE
:1055200023F000BF55540108355501083B550108CB
:105530003F5501080D30C0B2C8E70E30FBE70F3011
:10554000F9E7224B1A7812B100221A7082E710B9DB
:10555000FEF75CF8BCE7102802D1FEF715FAB7E7B2
:10556000202802D1FEF7ECFEB2E7302802D1FFF787
:10557000DFFAADE7402802D1FFF702FDA8E7502887
:1055800002D1FFF761FEA3E700F0EF03602B9FD08D
:10559000802B9DD0A02802D1FFF726FF98E7B028E6
:1055A00096D1FFF72DFF93E71C2A002070320020D0
:1055B000042A00206E320020012A0020111B002046
:1055C000962400201E2A0020242A00206D3200206C
:1055D000064B1B7843B9064B064A1B8803EB032393
:1055E00013445A78044B1A70704700BF6E32002083
:1055F0002C2E0020322E0020FF290020234B0022D9
:105600001A80234A13780BB1013B1370214B224AB5
:105610001B88224903EB0323D35C03F00F0203F042
:10562000F003F02B0A7001D1FFF7D2BF0B2A2BD069
:105630000C2A12D11A4A1378022B06D801331370A0
:10564000184B40F6B8321A807047174B1A78DAB9FF
:1056500016490A8001221A707047154B1B780BB946
:10566000FDF7BABF102B01D1FEF78AB8202B01D16C
:10567000FEF788BB302B01D1FFF72AB9402B01D1AF
:10568000FFF752BC502BF3D0704700BF763200209A
:10569000002A00202C2E0020322E00206E32002006
:1056A0001A2A0020182A002060320020CA15002083
:1056B000042A00202DE9F0418C4B1B782BB98C4B30
:1056C0001B889BB2B3F57A7F32D28A488A49057823
:1056D0000A788A4E8A4FDFF8B8C200244FF0904E05
:1056E0003369D7F81080C3F3801318F0400FDCF84B
:1056F00010804FEA031318BF203318F0200FDEF894
:1057000010801CBF4033DBB218F0400F1CBF803B41
:10571000DBB2AB424CD1952A43D904B10A70794926
:1057200003701A09A02B0A70774A43D1B023137073
:10573000764A138801339BB2B3F57A7F3FD8138042
:10574000734E744B34781A78734DA24204D0734A66
:105750001C70002313702B802B88714F714A01330A
:105760002B803B88B3F5FA7F40D9012313706E4B31
:1057700064221A704FF4C8733B806C4B1B7823B1C2
:105780006B4A13780BB1013B1370002C33D1684B7B
:105790003C801C70574B1B78F02B63D00123337077
:1057A00060E00132D2B2632AB8D81D46012497E7DF
:1057B0000022FAE7B02B0CBFA0236423B7E75D4CAF
:1057C0005D485E49012313805D4B22881A805D4B42
:1057D00002881A805C4B0A881A805C4A5C4B1588E8
:1057E0001D800023238003800B80A8E70021013364
:1057F00011709BB2C0E7012C5BD1DFF89881554B4B
:10580000B8F800201B889A4216D000232B80524BF8
:105810000A221A70FDF784FE30B3FFF7EFFE454A07
:10582000138801331380B8F8003001339BB2032B87
:1058300088BF0023A8F80030484B1A88484B1B88C3
:105840009A4201D1FFF7FAFD464A137863B3002369
:1058500013702B803B80404B0A221A70364A138803
:1058600001331380BDE8F081B8F800303E4A03EB05
:105870000323D35C03F00F030C2B09D13B4A1378AD
:10588000022B09D801331370394B40F6B8321A8015
:1058900002232A4A3370C3E7364B1A78002AF7D11D
:1058A00035491C700A80F3E72B88FA2BDAD90223DA
:1058B00075E7022C17D1284A137853B1013B1370B6
:1058C0001B4A13780133DBB20A2B88BF0023137005
:1058D00064E72A4A13702A4A13702A4A13702A4A24
:1058E00013702A4AEBE7002359E700BF8624002003
:1058F0008A240020042A00206F320020000800487B
:10590000000C0048022A0020032A0020162A00204A
:105910007A32002078320020743200207932002060
:105920007632002036320020002A00208724002012
:1059300072320020122A00200E2A00200A2A00209B
:10594000142A0020102A00200C2A0020062A0020F9
:10595000082A0020302E0020012A00201E2A0020C4
:10596000222A0020BB290020322E00201A2A0020E3
:10597000182A002060320020CA150020AE2900201D
:105980009D29002092290020822900206B290020D7
:10599000000400482C2E00202DE9F0439F490B887D
:1059A00085B0002B73D0013B0B809D489D4A037846
:1059B00012789D4F9A4218BF9C4C9D4A1BBFE45CD5
:1059C0001470002301330CBF137003701378994CCB
:1059D0003B70002B00F09581DFF87C82964898F8A8
:1059E0000020964E002A00F09F80002288F80020B8
:1059F000934A15782F2D61D8292D08D9A5F12A0CA5
:105A00005FFA8CFC2B2222FA0CF2D2075FD496F8B4
:105A100000904FF0000C87F800C0B9F1000F00F0C3
:105A20004581884F884A97F800E0884D0C2303FB96
:105A30000E2E2B78DEF804E003EB43030EEB83031A
:105A400093F809E093F80A80BEF1650F06D0B8F12B
:105A5000080F14BF09FB0EFC4FF0010C4FF0000EB5
:105A600086F800E01E7A012E40F065815A68B8F190
:105A7000010F137803D0B8F1040F40F0568103F101
:105A80007E066645C0F20E81A3EB0C030BE1704A63
:105A90001370704A1370704A1370704A1370704A12
:105AA0001370704A1370704A1370704A1370704A02
:105AB0001370704A1370704A138076E7542DA6D184
:105AC000A3F13002092AA2D86A4A13709FE7DFF8CF
:105AD0007CC19CF80020A3F1300E5FFA8EFE42B923
:105AE000BEF1090F93D8642288F800208CF80030AA
:105AF0008DE7A2F1300303EB83035B00BEF1090FD6
:105B0000DBB2F3D873442B2D8CF8003002D1012383
:105B100003707CE72D2D02D10123337077E72A2D06
:105B20004FF00903F9D1F3E74A4D95F800C0BCF1F5
:105B3000000F6DD02F2B2A70227023D8222B7FF6D6
:105B400066AF233B0C2B3FF662AF01A252F823F065
:105B50009D5B01080F5A01080F5A01080F5A0108EE
:105B60000F5A01080F5A01080F5A0108BD5B0108BE
:105B7000A35B01080F5A0108B15B0108D55B01085E
:105B8000C95B0108522B2ED0542B02D0502B7FF42E
:105B90003EAF642288F80020294A96E7012323704B
:105BA00035E7642388F80030254B2B221A702EE746
:105BB000642388F800302D22214BF7E7642388F80E
:105BC00000302A221E4BF1E7642388F800302F2290
:105BD0001B4BEBE7224B1A780AB901221A7040F6E8
:105BE000B8330B8013E7254B1A60254B1A60254B01
:105BF0001A60254B1A60254B1A60254B1A60254BFD
:105C00001A60254B1A60254B1A60254B1A60FEE678
:105C1000232B04BF64232B70F9E600BFB0320020B1
:105C2000201B0020211B0020A7320020221B002067
:105C3000221C0020AA320020813200208032002065
:105C4000AB320020A632002094D501088232002019
:105C5000231C0020AD320020AC320020B2320020E4
:105C6000B33200207B320020B4320020A932002061
:105C7000A832002083320020AE32002024240020ED
:105C8000202400201C24002018240020142400209C
:105C9000102400200C2400200824002004240020CC
:105CA000002400200023137000232B7090F8008044
:105CB000B8F1000F25D0964F964E97F800C0964D3C
:105CC0000C2303FB0C6C2B7803EB4302DCF8043051
:105CD00003EB820393F809E09A7ABEF1650F6BD06B
:105CE000082A6CD008FB0EFE1A7A4FF0000C012A2D
:105CF00080F800C066D15A6813787344137000238B
:105D00002B702678002E40F0A280844C207800284A
:105D100000F01281824A1378032B00F2EE80DFE854
:105D200013F089009900AD00E40063453FF6ACAE86
:105D300082F800E0B8E7022E1BD15E68337896F84F
:105D4000018003EB08239BB29C453ABFA3EB0C03F5
:105D50009BB2734633703E780C2707FB06262A78E1
:105D6000766802EB420206EB82021B0A526853700D
:105D70009AE7042E98D15E68337896F8018003EB99
:105D800008239BB29C453ABFA3EB0C039BB273461E
:105D900033703E780C2707FB06222E78526806EBFC
:105DA000460602EB86021B0A56687370566800238B
:105DB000B3705268D37077E74FF0000E94E74FF05E
:105DC000010E91E7022A16D15B6858781A7802EB27
:105DD00000221EFA82F292B21A7038780C2303FB6A
:105DE00000602B78406803EB430300EB8303120A47
:105DF0005B685A7083E7042A81D15B681A78587807
:105E000002EB00221EFA82F292B21A703B780C204A
:105E100000FB036328785B6800EB400003EB800322
:105E2000120A586842705A6882F802C05B6883F8A8
:105E300003C064E73B490B880A2B62D93A4BF22036
:105E4000188501231370394A002313700B8005B0A5
:105E5000BDE8F083354936480B780068C05C18B956
:105E6000022313700870F2E7632B02D9002313702A
:105E7000EDE72D4A108501330B70E8E72B490B78CD
:105E8000112B2FD8DFE803F01F090C19251F0F165F
:105E90001C1619281C1F2225282B234A7620E9E7E7
:105EA000214A6520E6E7234A1F4812783032D2B2F1
:105EB0000285E0E71C4A2E20DCE71B4A7220D9E766
:105EC000194A3220D6E7184A2020D3E7164A502034
:105ED000D0E7154A3A20CDE7134A3020CAE7124AE4
:105EE0003720C7E703201070C5E70F4BFF20188548
:105EF0000423137040F6B833A8E70A490B88092B2E
:105F000001D80133A2E700230B80137023709EE7B2
:105F1000A632002094D50108823200207B32002076
:105F2000A9320020AE32002000380140A832002003
:105F300090240020111B00208C4D2B78002B4CD07E
:105F40008B4C2278BAB98B490B88642BD9D98A4EED
:105F50008A48337807783B43072B03D932700270A5
:105F60002A7074E7864BF420188501232370854B33
:105F70000A801A706BE7012A15D1804A814D117889
:105F8000814A2B78FA2606FB0122D15C7C4A11B9A2
:105F900011850223BAE7F92B01D91085F9E711859C
:105FA00001332B7053E7022A04D1754BFF221A8567
:105FB0000323ABE76F4A1388632B02D801331380A6
:105FC00045E710806D4A207013782E700133DBB2E4
:105FD000072B98BF184610708CE76C480378002B8D
:105FE0005ED0634A1378052B3FF631AFDFE803F04C
:105FF000030F1C2D404F664B5E49002018700B8824
:10600000642B7FF67EAF0123137008801FE7604B7F
:106010001B78092B05D802231370594BF3221A85DC
:1060200015E70023037022E7594B5A4819780C23CF
:106030004B43C3581B780BB9052318E7504B198500
:10604000504B00211970032311E751494D4809783D
:1060500003780C2461434F4C6158C95C09B904238F
:1060600005E7632BFBD8464A013311850370EEE642
:10607000474B1978474B0C2000FB013340491B7AF2
:106080001BB1454B1B780133DBB20B85D4E73C4B8E
:10609000FF2119853E490B7801330B700123E6E699
:1060A0003E480478002C00F09380314C23782BB9C3
:1060B000012222702F4A1380324AD8E6012B17D1D1
:1060C000334A304B1078334A19780C2505FB0022EF
:1060D00001EB4103526852F823301B780BB9C823F7
:1060E00014E76329FBD802232370F022244B96E7A0
:1060F000022B03D1234B1A78214B58E7632B2DD861
:10610000234A244912780C2000FB02111D4A4968D9
:10611000127802EB420201EB820051F822201A446D
:1061200012F8031C164AB1B9417A6423237011B9DD
:10613000302313858BE6827A114B082A01D1322253
:106140006DE7652901D1302269E7062AFBD0642A70
:10615000F9D0312263E711850133D7E6642B1FD1D3
:1061600065232370064BFF2259E700BF1F1B002049
:10617000A9320020AE320020251C0020241C002063
:1061800000380140A8320020261C0020B432002034
:10619000A632002094D501088E240020B2320020BF
:1061A000652B06D1994A13780133137001232370AC
:1061B000A0E6C82B01D1C92396E7C92B01D1CA2378
:1061C000CFE7CA2B7FF443AE00230370237071E73F
:1061D0008F4E3278002A00F0E7818E4803781BB991
:1061E0008A4A1370012341E7012B19D18A4A874B50
:1061F00014788A4A19780C2505FB042201EB410327
:10620000526852F823301C78854BF12214B91A8554
:10621000CA232BE76329FAD802220270F122FEE694
:10622000022B40F07B81794B7D4A1B78138503223A
:106230000270794A1178794A0C2000FB012203EBA5
:1062400043035168774801EB83014D680A7A2B7844
:106250000360012A0CD18D7A012D01D0042D2ED19D
:106260007F2B29D9C3F5807303602D256E4B25E064
:10627000022A0ED16D7803EB05238D7A0360012D80
:1062800001D0042D1BD1B3F5004F15D3C3F58033D6
:10629000EAE7042A13D16E7803EB06230360AE7895
:1062A00003EB06430360ED7803EB056303608B7A31
:1062B000012B01D0042B02D15B4B2B251D704B7A97
:1062C000652B07D1594A1378591C1170584A20215F
:1062D000D154BCE58B7A082B16D1544D00682B782D
:1062E000534A9C1C591CE4B2C9B238B94620D05458
:1062F00003332B704F2350541355A8E54E20D05430
:106300004F2353542C70A2E5062B10D11E2A474B65
:10631000474C28BF1E22002A3FF499AD18784D68DB
:10632000013AD2B2461C1E70AD5C2554F3E7632BD4
:1063300041D9013A012A3FF68AAD642B3FF487AD7B
:10634000A3F16402D2B20C2A28BF0C22541E374E8D
:10635000374FE4B24FF00A0E4B6835781B5D03608F
:1063600033BB6B1C337030237B55013A12F0FF02B4
:106370003FF46DAD33785D1C3570013C2C25FD5428
:10638000E4B2E9E7B3FBFEF80EFB183330337B557C
:10639000434665464FF0010805F1010C5FFA8CFC9D
:1063A000002BEFD1B8F1000FDFD003603570DCE7D0
:1063B0004FF00008F0E7072B02681C4B3AD1197820
:1063C000107801F110056D44013205F8100C78B118
:1063D0000134E4B2481C102C1870F0D10022144C87
:1063E0001A70084630B9002A3FF431AD19702EE515
:1063F0001024EFE7421E04ADD0B255FA82F212F833
:10640000102C04F8012B0122ECE700BFA832002079
:10641000B3320020A9320020A632002094D5010812
:10642000003801407C320020A53200208432002058
:10643000853200200025664E1D700A274FF02C0C77
:10644000AAB90DB102601C708A7A1978022A01D0AB
:10645000042A31D149BB5E492C2430204C700324DE
:1064600008701C708870042A7FF4F1AC45E0B2FB20
:10647000F7FE07FB1E2230323255651C8C7A022C47
:10648000EDB2724601D0042C07D1012D02D186F85D
:1064900001C002252C460125D2E7032CFAD1022D9A
:1064A00002BF2C25B5702546F4E70229DBD1032174
:1064B000197030204649D5E7032A16D149B9444A14
:1064C000302111702C209070042051701870D17000
:1064D000BDE4012902D13E4A3021F3E7022913D15C
:1064E0001A703B4B30229A70B1E421B90121197026
:1064F000374930200870012A06D11A78511C1970CA
:1065000034490878324988541A78002A7FF49FACBD
:1065100001221A702E4B30221A7098E4632B16D881
:106520002D4A13784BB1013BDBB229491370CB5C88
:10653000002B3FF49CAC294AFBE5294A0123037058
:1065400013780133137040F6B8330B800AE6C82B7A
:1065500003D1C9230370214B60E6C92B0ED1CA2396
:106560000370204B1A781D4B0AB1642257E51E4A6E
:1065700012780AB1652252E5662250E5CA2B02D193
:10658000CB230370EEE5CB2B7FF461AC174A0023DD
:10659000138003703370164B1A78164B1B789A428F
:1065A0003FF455AC0123FCE4134C2378002B3FF45B
:1065B0004EAC303BDBB2092B22703FF648AC0F4C9F
:1065C00023700123037040F6B8330B800C4BA3E714
:1065D00085320020A532002084320020003801409E
:1065E000A8320020EA1A0020E91A0020AE3200206A
:1065F000251C0020241C002083320020A63200200D
:10660000A932002030B4204B1A780AB1013A1A702E
:106610001E490A780AB1013A0A701D4C207810B15F
:1066200030BCFFF7B9B91B4D1B492A780978914254
:1066300018BF1A481A491DBF805C087001320870E3
:1066400018BF2A7017480A780270AAB11978A9B140
:1066500000213A2A19700DD1134A01231370134AED
:1066600023701370124B40F6B8321A80114B198008
:10667000114B19700023037030BC7047232A04BFEC
:1066800064221A70F6E700BFAD320020AC32002061
:10669000231C0020201B0020211B0020221B002087
:1066A000221C0020A73200207B320020B4320020C0
:1066B000B0320020AE320020A9320020F0B5A74C45
:1066C0002378FBB9A64B1F7817B9A64B1B881BB1C3
:1066D000A54B01221A7004E0A44B1B889BB1A44B6C
:1066E0001F70A44AA44B117899B9A44A597001208B
:1066F000107080229A709A7859780A4452421A701F
:1067000001232370F0BD9E4B1B78002BE9D0984BE2
:10671000DFE79C4890F8241039B1002280F824204B
:1067200080229A700A225A70E5E7017E002972D011
:10673000012911D1956982F826502E0A2D0C82F874
:10674000256082F824504D1CEDB2EE0705760BD47F
:1067500080229A700122E6E7082901D1D569EAE78B
:106760000E29F0D1156AE6E702391229C3D801A52E
:1067700055F821F0C1670108F7660108CB670108E9
:10678000F7660108D5670108F7660108DF670108A9
:10679000F7660108E3670108F7660108E767010883
:1067A000F7660108EB670108F7660108EF67010863
:1067B000F7660108F3670108F7660108F767010843
:1067C0008A2192F824209970ADE78B2192F8252038
:1067D0009970A8E78C2192F826209970A3E78D2163
:1067E000EFE78E21F2E78F21F5E79021E9E791218C
:1067F000ECE79221EFE793219970D2E90615126A2E
:1068000029440A44110C01EB122151FA82F25A7008
:10681000002202766FE75C498E7866B3012E0AD1BA
:10682000087808B1487830B900200870487088703E
:10683000107082F8270088780130C0B20128887073
:1068400002D100228A7056E7C50781D5032803D1FB
:1068500086229A700A7866E705287FF44CAF872075
:1068600098704878587000208870087048701070D0
:1068700082F827003FE7CD7885B1012D05D1802230
:106880009A7002225D70CA7035E7882098700B20DC
:106890005870CE70167082F827602CE70E7986B19A
:1068A000012E05D180229A7002225E700A7122E7C1
:1068B00088209870162058700D71157082F8275036
:1068C00019E74D796DB1012D05D180229A70022210
:1068D0005D704A710FE788209870212058704E71C2
:1068E000D8E78E796EB1012E05D180229A700222EE
:1068F0005E708A71FFE6882098702C2058708D7128
:10690000DBE7194A117821B1167085229A705F7001
:10691000F1E6174A194E117832780132D2B20029C5
:1069200049D0032A194903D900223270842290E702
:106930003270013A022AF9D8DFE802F0023335005A
:1069400081229A70124A1088087012490978020A46
:1069500002295A7020D14032E5E600BF73160020AC
:10696000121B0020B62900206A1600205E160020A7
:1069700067160020C0160020901600207016002018
:10698000EA1A00205C170020AA1600205C160020DE
:10699000F4170020EB1A002003297FF4ACAE803AF4
:1069A000C1E6822255E783229A70374A12880A701C
:1069B000100A58709FE635490B2A0D7828BF00222F
:1069C00032701DB100220A70C722C2E682B9A1222C
:1069D0009A702F4A11782F4A127802EB01122E4931
:1069E0000978D2B202295A707FF485AE08329AE64D
:1069F000012A05D1A2229A70284A1278013292E621
:106A0000274D297839BB022A05D19F229A70254A41
:106A10001288120A87E6032A0BD1A0219970214916
:106A2000458C098859708D4208BF642232704184B8
:106A300061E6042A7FF45FAE1B4A12783AB9BC22A1
:106A40009A701A4A12785A706422327053E6BD2244
:106A50009A70174AF6E7012906D1022A7FF44BAE55
:106A6000A3229A70134AEDE7022902D1114909784D
:106A700011B100222A703EE6022A7FF43CAEA42225
:106A80009A70044ADEE700BFF2170020D1150020FB
:106A9000E81A0020E61A0020EB1A0020DF1A002076
:106AA0006D160020E41A0020E01A0020E21A0020EF
:106AB000E11A0020E71A0020F0B599484378002B2E
:106AC00040F09680974B1E7816B9974B1B8873B190
:106AD000964B01225A70964A964B92F83410C9B9D7
:106AE000954A0124547080229A71597179E0934B30
:106AF0005B8813B1924B5E70EDE7924B1B780BB144
:106B00008F4BE6E7904B1B88002BE4D08F4B012284
:106B10005A70EFE78E4C94F84C1039B1002284F88B
:106B20004C2080229A710A225A715AE094F840103F
:106B300000295ED0012912D1D56C82F85A502E0A54
:106B40002D0C82F8596082F858504D1CEDB284F833
:106B50004050ED070BD480229A710222E4E7082905
:106B600001D1156DE9E70E29EFD1556DE5E7023941
:106B7000122936D8DFE801F00A350F3514351935FA
:106B80001B351D351F352135233525008A2192F807
:106B900058209971C8E78B2192F859209971C3E761
:106BA0008C2192F85A209971BEE78D21EFE78E2152
:106BB000F2E78F21F5E79021E9E79121ECE79221B7
:106BC000EFE793219971D2E91315526D29440A44D4
:106BD000110C01EB122151FA82F25A71002284F851
:106BE00040209A7959790A4452421A71012343701C
:106BF000F0BD584D6C7A6CB3012C0BD1E97909B119
:106C0000297A39B900216972E971297282F8341040
:106C100082F85B10697A0131C9B20129697202D127
:106C200000226A72DDE7CC0795D5032903D18622BD
:106C30009A71EA7978E70529D3D187219971297A60
:106C4000597100216972E971297282F8341082F851
:106C50005B10C6E7A97A89B1012905D180229A7112
:106C600002225A71AA72BCE7882199710B215971CD
:106C7000AC7282F8344082F85B40B2E7EC7A6CB1D7
:106C8000012C05D180229A7102225A71EA72A8E77A
:106C900088249C7116245C71E972D6E7297B69B15E
:106CA000012905D180229A7102225A712A7398E72C
:106CB00088219971212159712C73DAE76C7B6CB1B1
:106CC000012C05D180229A7102225A716A7388E7D9
:106CD00088249C712C245C716973B6E7134A51783F
:106CE00021B1547085229A715E717AE7174A517802
:106CF00031B100215170B0229A71174A127813E70E
:106D00000F4A0D4E557872780132D2B2002D4CD018
:106D1000032A25D90022727084229A710F4A3CE01E
:106D200073160020121B0020B62900206A160020CE
:106D3000C016002090160020701600205E1600205D
:106D400067160020EA1A0020FA17002064160020B7
:106D50005C170020AA160020F9170020F217002067
:106D60007270013A022AD7D8DFE802F00214190043
:106D7000812269499A71694A0978128802294FEA81
:106D800012225A7101D14032CEE603297FF429AF95
:106D9000803AC9E682229A71604A1288C4E6832248
:106DA0009A715F4A1288120ABEE65E4C0B2A21785D
:106DB00028BF0022727021B1C7229A71257001226A
:106DC000B2E6594C24880CB189228DE657490978DE
:106DD00072B9A8229A71564A127802EB01124E49F2
:106DE0000978D2B203295A717FF4FBAE08329BE6D0
:106DF000504D01296C7840D1032C3BD8DFE804F0DA
:106E0000020F2633012A03D1AB229A714A4A75E751
:106E1000022A7FF4E6AEBC229A71484A6EE7012A44
:106E200003D1A9229A71464ABCE7022A03D1AA22B9
:106E30009A71434AB1E7032A7FF4D3AEBC229A7118
:106E40003E4A12785A7164227270CAE6012A03D14E
:106E5000AE229A713B4A51E7022A7FF4C2AEBD22AC
:106E60009A71394AEDE7012A7FF4BBAEAF229A71DD
:106E7000364AE6E700226A70B3E6032CFAD801A787
:106E800057F824F0956E0108D36E0108EF6E0108E3
:106E9000676E0108012A06D1AC2202299A710CBF43
:106EA0002B4A2C4A7EE7022A06D1AD2202299A718A
:106EB0000CBF274A274A70E7032A7FF492AE234A81
:106EC0001278002ABAD0244A1278023A012AB5D898
:106ED000C5E7012A03D1A9229A71204A62E7022A52
:106EE00003D1AA229A711D4A57E7032AB5E7012A5E
:106EF000B2D1AE2202399A7104293FF672AEDFE8B0
:106F000001F0030507090900154AF7E6154AF5E6F9
:106F1000154AF3E6154AF1E6EB1A0020F4170020B3
:106F2000F2170020D1150020D4150020DE1A002011
:106F3000DD1A00206D160020D51A002089290020B6
:106F4000DA1A0020D21A002088290020DC1A00203A
:106F5000CC1A0020C01A0020F6170020BE1A00200C
:106F6000D11A0020D01A0020CF1A0020CE1A0020FB
:106F7000F0B59B498B78EBB99A4B1A7812B99A4BBA
:106F80001B881BB1994B0120987004E0984B9B889B
:106F90008BB1984B9A70984B93F86800974B80B9D7
:106FA00080229A7258729A7A587A024452421A721D
:106FB00001238B70F0BD924B1B78002BEBD08D4BD7
:106FC000E1E78A4884782CB1002484708520987287
:106FD0005A72E8E7874A8B48947882780132D2B2B5
:106FE000002C32D0042A0ED90122827081228648D8
:106FF0009A72864A0078128802284FEA12225A7240
:1070000010D14032E4E78270013A032ACBD801A0C4
:1070100050F822F0ED6F01082D700108377001085B
:10702000437001080328BED1803AD1E782229A72C8
:10703000764A1288CCE783229A72754A1288120A1D
:10704000C6E784229A72724AF3E7724C0B2A28BF71
:1070500000222478827032B9A8229A726E4A12787D
:1070600002EB0412B4E76D4E012CB5785CD1032D10
:1070700057D8DFE805F0021C354C012A04D1AB22B9
:107080009A72674A1278A3E7022A8CD1654A664C45
:107090001678634A247812786425921B6A43A41BED
:1070A000B2FBF4F2BC249C725A7285707BE7012A11
:1070B00003D1A9229A725D4AC0E7022A03D1AA220B
:1070C0009A725A4AB5E7032A7FF46DAF584A594C71
:1070D0001688564A248812886425921B6A43DEE784
:1070E000012A03D1AE229A72534ACBE7022A7FF4D7
:1070F0005AAF514A92F9002002EB8202BD2402EB02
:10710000820252009C720A2492FBF4F206E0012AE9
:107110007FF449AFAF229A72484A12785A726422B9
:1071200050E00022B2703EE7032DFAD801A757F8CD
:1071300025F000BF45710108C97101089772010867
:107140000F710108012A06D1AC22022C9A720CBFE1
:107150003B4A3C4A72E7022A06D1AD22022C9A72BF
:107160000CBF374A374A64E7032A7FF41CAF022C6E
:107170000CBF334A334A344D1488304E334A2F887B
:1071800012883678BD1AAEB1314E3678023E012EE5
:1071900010D83A44A4EB520202EB820202EB8202C4
:1071A000BD26520005EBD57512B26D109E7292FB92
:1071B000F5F2B3E7A41ABC26642254439E72B4FBD2
:1071C000F5F45C728270EEE6012A03D1A9229A726C
:1071D000204A33E7022A3FD1AA229A721D4A28E7A1
:1071E00073160020121B0020B62900206A1600200A
:1071F0005E16002067160020C016002090160020A2
:10720000EA1A002070160020EB1A0020F417002064
:10721000F2170020DE1A0020DD1A00206D16002073
:10722000D51A0020D41A0020D31A0020DA1A002020
:10723000D81A0020D61A0020D21A0020DC1A00200A
:10724000CC1A0020C01A0020C81A0020CA1A002038
:10725000F6170020BE1A0020032A7FF4A4AE022CE9
:107260000FD1214A92F90020204C02EB820202EB5E
:10727000820294F90040520092FBF4F2BD249C7209
:107280004CE7032C01D11A4AECE7042C01D1194A2E
:10729000E8E70022E8E7012A11D1AE22023C9A7207
:1072A000032C3FF680AEDFE804F002040608124A21
:1072B000E8E6124AE6E6124AE4E6124AE2E6022A62
:1072C0007FF471AE023C032C0BD8DFE804F002041B
:1072D0000608094A0EE7094A0CE7094A0AE7094A7B
:1072E00008E7002208E700BFC61A0020C21A0020E3
:1072F000C51A0020C41A0020D11A0020D01A00207C
:10730000CF1A0020CE1A002070B517292DD8DFE83B
:1073100011F018005700A900B100BB00F100F70000
:107320003D0104012C003D0145011B013D014501CA
:107330002C013D0145015901860194019B012C005E
:107340008D013F2A12D828239C4C4343E118E55C69
:10735000954240F085804B780BB9012304E034233B
:1073600043439748C25400234B7070BD02F0C003E2
:10737000402B11D12823914C4343E118E55C954201
:107380006ED14B78002BE8D08D4B342404FB0033B6
:1073900002F03F025A70E6E7802BE6D12823874CA3
:1073A0004343E118E55C95425AD14B78002BD4D089
:1073B000834B342404FB003302F03F029A70D2E77F
:1073C0003F2A0FD828237D4C4343E118E55C9542C2
:1073D00046D14B78002BC0D0794B342404FB0033CA
:1073E000DA70C0E702F0C003402B11D12823734CA0
:1073F0004343E118E55C954232D14B78002BACD089
:107400006F4B342404FB003302F03F021A71AAE7E9
:10741000802B11D12823694C4343E118E55C954248
:107420001ED14B78002B98D0654B342404FB0033DD
:1074300002F03F025A7196E7C02B96D128235F4C89
:107440004343E118E55C95420AD14B78002B84D088
:107450005B4B342404FB003302F03F029A7182E755
:10746000E25480E7554B282101FB0033002199733A
:107470009A707AE7514B282101FB0033997B013147
:10748000C9B299730B44F3E74C4C282101FB00452A
:10749000AB7B0B2B7FF469AFEE78AB7833442E795E
:1074A00033446E793344AE793344EE7933442E7AE3
:1074B00033446E7A3344AE7A3344EE7A33442E7BCF
:1074C0006D7B16FA83F315FA83F3DBB29A427FF4ED
:1074D0004CAF0723342212FB0032022311FB003190
:1074E000374E6358B3500819951943686B60836829
:1074F000AB603AE7324B342101FB0033DA7434E7F6
:107500002F4B342101FB00331A752C4B282202FB30
:107510000033002283F8202027E72849282303FB93
:107520000013DC692244DA6193F82030012B04D186
:10753000234B342404FB0033DA82282303FB00119D
:10754000002381F8203010E71C49282303FB001397
:10755000DC692244DA6193F82030022BEDD1184B1C
:10756000342404FB00339A61E7E71449282303FB22
:107570000013DC692244DA6193F82030022B01BF4A
:107580000F4B342404FB0033DA61D6E70B4B282180
:1075900001FB00331202DA610122BBE7074B28210D
:1075A00001FB0033D969114493F820200902012A14
:1075B000D9617FF4DAAE0222ACE700BF5C1700208D
:1075C000C01600202449282303FB0013DC69224451
:1075D000DA6193F82030214C022B02BF342303FBE5
:1075E00000431A622823342203FB00114243002384
:1075F00081F82030A318A25C002A3FF4B6AE5A7876
:10760000002A3FF4B2AE5A79002A3FF4AEAE1A799E
:10761000002A3FF4AAAE012283F82720A5E60F4BEB
:10762000342101FB003383F82B209EE60B4B3421E1
:1076300001FB003383F82A2097E6084B342101FB35
:10764000003383F8282090E6044B342101FB0033FB
:1076500083F8292089E600BF5C170020C0160020AF
:1076600038B5494B494C1B88002B00F08A80484BA9
:107670001A781AB3474A484D00201870138801330E
:1076800013802B681B0219D5A9786A782D788B187E
:107690005B42DBB29D4211D1404BC1F3801501F03A
:1076A0003F011D70FFF730FE94F82830D90726D52A
:1076B000012384F82C30002384F82830E36A33F067
:1076C0007F4302D1354B1B784BB1354B40F6B83276
:1076D0001A80344B1A78022A1CBF02221A7094F8BE
:1076E0002C30EBB1002384F82C302F4B1A7892B158
:1076F0002E4B4FF47A721A802D4B01220FE09A071D
:1077000003D5012384F82D30D5E75B0744BF01235F
:1077100084F82E30CFE7274B19780029ECD01A7067
:1077200094F82D308BB1002384F82D301E4B1A783D
:1077300032B11E4B4FF47A721A801F4B012203E0C4
:107740001C4B19780029F8D01A7094F82E308BB1A0
:10775000002384F82E30144B1A7832B1134B4FF4B7
:107760007A721A80154B012203E0124B1978002916
:10777000F8D01A7094F82F3013B1013B84F82F30F1
:1077800038BD064A1370F5E7A8160020C016002081
:10779000DA1500204A160020781600204016002036
:1077A00044160020EB1A0020EA1A00205E16002082
:1077B000531800206716002054180020521800208B
:1077C000F8B5944B944C1B88002B00F08681934BAA
:1077D0005A78002A40D000225A70914A9148538822
:1077E0000133538043681D0236D58179427900798F
:1077F0008B185B42DBB298422ED18B4BC1F38010C9
:1078000001F03F05187029460120FFF77DFD94F82F
:107810005C30D8076DD5012384F860300023152D26
:1078200084F85C3018D1814B1B78032B14D1804B2A
:107830001B78022B6FD0033B012B0DD87D4B94F8A6
:107840005D101A887C4B1B889B1A4B43FA2193FBD3
:10785000F1F31A44794B1A80236E33F07F4505D13A
:10786000714A94F864301278134309D0744B40F68F
:10787000B8325A806D4B1A78032A1CBF03221A7043
:1078800094F834306F49082B40F0C1806E4B1B7860
:10789000012B40F0BC806D4E6D4B3288002A77D0B2
:1078A0006C4F97F800C00020BCF1640F088047D1EE
:1078B00094F86220A4F8600084F86400002A38D0AC
:1078C000C8221A8084F8620094F86230002B00F01D
:1078D000F480002384F862305F4B1A78002A00F0AD
:1078E000E6805E4B4FF47A725A805D4B01221A702B
:1078F000E3E0990703D5012384F861308EE75A0746
:1079000003D5012384F8623088E71B0744BF0123B5
:1079100084F8643082E7474B94F85D101A88464B30
:107920001B889B1A4B43FA2193FBF1F31A444D4BEE
:1079300091E71A8812B1013A1A80C5E73A70C3E795
:1079400015B994F86400D0B142F21072328000226E
:107950003A701A8094F86030002B00F08F8000237A
:1079600084F860303C4B1A78002A00F081803B4B51
:107970004FF47A725A803C4B01221A707EE0013A31
:1079800092B23280002AE2D14FF47A720A80DEE7A6
:1079900015B994F86420FAB14FF47A720A80B4F8F9
:1079A000602012B994F864203AB12A490022A4F860
:1079B000602084F864200A701A8094F862203AB13A
:1079C0001A88002184F862105AB941F288321A806C
:1079D0001A88CAB1013ABCE70A88002ADFD0013A06
:1079E000DCE71C490A78042A02D801320A70EFE762
:1079F00042F2107232804FF47A721A8064220A7056
:107A00001A4A01211170E3E7124B1A70A2E7002312
:107A10000B809FE7A6160020C0160020DA15002074
:107A20004A160020781600203F160020EB1A00208E
:107A3000DE1A0020CA1A0020C81A0020C01A00202E
:107A400044160020D4150020D0150020D8150020A1
:107A5000D6150020D2150020EA1A00205E1600205C
:107A600052180020CC1A002053180020D1150020F5
:107A70001B4B597800293FF47EAF5A7094F861305F
:107A8000002B3FF421AF002384F86130154B1A78A6
:107A90003AB1154B4FF47A725A80144B01221A7086
:107AA00012E70F4B59780029F7D05A700CE70C4BAE
:107AB000597800293FF419AF5A7094F864302BB10B
:107AC000002384F864300A4B01221A7094F8633062
:107AD00013B1013B84F86330F8BD064A1370F5E733
:107AE00067160020EA1A00205E16002054180020B5
:107AF000511800203F16002038B5844B844C1B8859
:107B0000002B00F0FF80834B9A78D2B100229A704C
:107B1000814A824893880133938083681B0210D581
:107B2000817A427A007A8B185B42DBB2984208D1A4
:107B30007B4BC1F38010187001F03F010220FFF76A
:107B4000E3FBD4F8943033F07F4305D0754B1A78BB
:107B5000032A1CBF03221A7094F89430002B34D0EF
:107B6000002384F89430704B1A783AB36F4B4FF47B
:107B70007A729A80012194F89530002B2CD0002342
:107B800084F89530684B1A780AB3684B4FF47A72D0
:107B90009A800120664B674A1870674B927819707B
:107BA000664B1B78012B4DD1002A37D1644A6549B9
:107BB000127809786448F4F70FFF0EE0634B997868
:107BC0000029D7D01A705A709A700021D3E75F4B02
:107BD00098780028DDD05A70F1B994F8962094F87E
:107BE000973092B1002284F8962073B9574B9A7857
:107BF000002A00F082804C4A1278002A7DD11A7047
:107C00005A709A70C82384F8973094F8973013B15B
:107C1000013B84F8973038BD0020BBE7012A08D12A
:107C20004B494C48098813464B4A1288F4F748FFE1
:107C3000D3E7022AD1D149480A226FF00901F4F7AB
:107C400081FFCAE7032AC8D8DFE802F0020C2D4CF6
:107C5000434A1188434A022B12880CBF42484348CA
:107C60000123E3E7022B08D1414A424992F900205F
:107C700091F9001040480123E1E7032B08D13C4A69
:107C80003C4992F9002091F900103C480123D6E7C5
:107C9000042BA2D1364A374992F9002091F90010FD
:107CA00037480123CBE7023B032B96D8DFE803F0EC
:107CB00002080E14334801230A226FF00901BEE7BF
:107CC000314801230A226FF00901B8E72F48012348
:107CD0000A226FF00901B2E72D4801230A226FF052
:107CE0000901ACE710B12B4B01221A7000293FF4B7
:107CF00074AF294B01221A706FE70E4A9378013353
:107D000093707FE7064A13707FE700BFA416002038
:107D1000C0160020DA1500204A1600207816002030
:107D20003E160020EB1A0020EA1A00205E16002002
:107D30001A1B00206D160020191B0020DE1A0020DF
:107D4000D31A0020D41A0020D51A0020671600206C
:107D5000D81A0020DA1A0020D61A0020D21A0020E1
:107D6000CA1A0020C81A0020CC1A0020C01A00200D
:107D7000C21A0020C31A0020C61A0020C51A00200B
:107D8000C41A0020D11A0020D01A0020CF1A0020D7
:107D9000CE1A0020F8170020F717002070B5324DDA
:107DA0002B88002B52D031490A880AB1013A0A8047
:107DB0002F4A12781AB12F4A1278022A05D1013BB4
:107DC0009BB22B800BB92C4A13702C4C2388002BB0
:107DD00040D026494A880AB1013A4A80244A12789A
:107DE0001AB1244A1278032A06D1013B9BB22380A0
:107DF00013B9214A82F83430214E338873B31B49BA
:107E00008A880AB1013A8A80194A12781AB1194A45
:107E10001278032A06D1013B9BB2338013B9164A6C
:107E200082F86830FFF71CFC2B880BB1FEF746FC8C
:107E3000FFF7C6FC23880BB1FEF73EFEFFF75CFEA2
:107E400033887BB1BDE87040FFF792B80A4A82F8E8
:107E50002730BAE7084A82F85B30CDE7064A82F855
:107E60008F30DFE770BD00BFA81600205E1600202F
:107E7000EA1A0020EB1A0020C0160020A6160020E7
:107E8000A4160020F0B51D4F1D4E85B0A824002576
:107E90000A231A462146384601F092FE307068B92E
:107EA00002236421CDE901312A031649009102F42D
:107EB00070422146384601F0A5FD30703378002B22
:107EC000114B14BF012200221A701CBF0F4A1378F5
:107ED00005F1010518BF0133ADB218BF1370102DA5
:107EE000D6D10234A4B2B02CD1D1084B1B781BB12F
:107EF000074B4FF496721A8005B0F0BD08130020AE
:107F0000D63200203D320020CF150020EC1A002090
:107F1000DA3200207FB50A2304461A460E480F4E77
:107F20000F4DA82101F04CFE307090B9102364224F
:107F3000CDE901320B4B009307480223A2B2A821DE
:107F400001F060FD307020B9074B2870187004B044
:107F500070BD01232B70FAE708130020D6320020F1
:107F6000CF1500203D320020CE150020724B2DE9A8
:107F7000F74F4D221A80714A0D2392464FF6FF713A
:107F8000013B9BB28BB96E4E6E4C6F4D338023809C
:107F900023884C2B0CD96D4B1B781BB16C4B4FF4C9
:107FA00096721A8003B0BDE8F08F22F8021BE7E753
:107FB00030880001FFF7AEFF664A6749002313705F
:107FC0000B78002B40F09580644FDFF8ACB164492A
:107FD000137820880D2B00F2828017F803C00C2341
:107FE0005843285880F800C0B4F8009010780190E9
:107FF00003FB09F305EB030C00F101089CF804E016
:10800000BEF1010F5FFA88F807D0BEF1020FEB58FE
:108010003BD117F808C083F801C0019802301070F6
:1080200020880C23434305EB030E55F803C09EF84C
:1080300004909CF800300B80B9F1010F1EBF9CF832
:1080400001E003EB0E230B800C2303FB0053B3F87A
:108050000680B3F808E00B88F0452FD2984501D888
:108060009E4535D20C2303FB0050B9F1010F408926
:108070000880C0B28CF800001FBF20884343E85836
:108080000B881CBF1B0A437022E0364B3648A3F80E
:108090000090364BA3F800E0BCF806300380BCF833
:1080A0000830ABF80030324BBCF80AC0A3F800C06F
:1080B000304B4FF0640C83F800C0AEE7B9F1010F0C
:1080C00004D17F2B84BFA3F580739BB29845C7D89A
:1080D000238801339BB24C2B23807FF679AFB97B89
:1080E000FA7B338802EB01222AF813200133338014
:1080F0004EE716480378013303700C201778238865
:108100000D2F0DD84343EF18EB587F891F7013785C
:1081100002331370238801339BB24C2B2380EDD99B
:108120003388013333800B78002B3FF431AF084B99
:108130004FF496721A802BE7CC150020BA3200203B
:10814000B8320020C81500200CD60108EC1A002017
:10815000DA3200205D320020CF1500203D320020B1
:10816000D4320020342400202E240020302400208B
:108170002A240020362400202C2400207FB50A2346
:1081800004461A460E480F4E0F4DA82101F018FD67
:10819000307090B910236422CDE901320B4B00936B
:1081A00007480223A2B2A82101F052FB307020B987
:1081B000074B2870187004B070BD01232B70FAE7CC
:1081C00008130020D6320020CF1500203D320020B9
:1081D000CE150020984B1B889BB2B3F57A7F2DE912
:1081E000F74F31D3954A13888BB1013B1380944BE1
:1081F0001B78012B28D8934B1B782BBB9248017816
:108200000C2919D1914A924F924CFF250EE0924AC7
:108210001370924A1370EAE74B43E3581D701388BA
:108220004B43E3585D70138801339BB23E88138043
:108230009E42F1D800230370894B8A4A1B78019330
:108240002BB140F6C413138003B0BDE8F08F138840
:108250000BB1013BF7E7DFF8548298F800301BB10F
:10826000814A138801331380804ADFF844E213788F
:108270001BB100231370AEF80030BEF8003040F69A
:10828000B732934289BF7A4B013364221A7098BF88
:10829000AEF80030774B1B880A2B04D9744A137848
:1082A0000BB1013B1370744B744C0C221A80237871
:1082B000002B57D1654A1380714A1380714A1123EC
:1082C0000021013B13F0FF0370D1DFF8E8916E4A03
:1082D00089F8003013806D48022323702378022B25
:1082E00042D15A4B5B491B88664F0C225A4301EB23
:1082F000020C8D5899F800202E78068029789CF879
:1083000004A0B954BAF1010F18BF95F801C05D4F30
:1083100018BF06EB0C2602F1010118BF0680C9B296
:1083200018BF6E7889F8001008BF00267E54564F9B
:1083300001880678B7F800C006EB112666443E8037
:10834000444F0C2606FB03760232B6F806C0368987
:10835000D2B2B44589F800202BD2614536D3B14260
:108360005ED933E0012BA9D02378032B40F0EC80B9
:108370004349454A0B884648128830F8130090421A
:1083800040F0AB80314A12884C2A40F29F80394A33
:108390000023AEF8003013880133138098F80030C2
:1083A000002B40F0CE80304A1380CAE002F8011B57
:1083B00087E7BAF1010F31D17F292FD9A1F5807B51
:1083C0001FFA8BFBDC452BD95E4529D2314A13803D
:1083D000314A82F800A0314A1180314A1D49A2F881
:1083E00000C0304A16800C2202FB031253892E4A29
:1083F00003809E4213803EBF1D4A64211170DBB290
:10840000BAF1010F2B7057D11D4B1A88204B4FF634
:10841000FF7123F81210002323705FE761459ED39C
:1084200001339BB209494C2B0B8002D80C2A7FF6F2
:1084300055AF0323F0E700BF8A240020DA32002082
:108440007F240020422900205F320020C815002030
:10845000CC1500200CD60108CF150020CE15002029
:10846000FF290020C0150020C41500205E32002026
:1084700036240020CA150020D8320020B632002051
:10848000B83200204D320020D2320020D4320020F9
:10849000BA3200203424002032240020302400206E
:1084A0002E2400202C2400202A240020C615002081
:1084B000DC3200205D3200202D4B1B880C22534300
:1084C0002C4AD25803881B0A53709DE701330B8056
:1084D00001230193019B23703BE02749012388F886
:1084E00000300B88B3F5967F07D2244B18881A808A
:1084F00090421CBF00200880ECE704232370204D2D
:108500002049214E00232B700F220846013A12F019
:10851000FF0227D10BB10E232B701C4B1B88C3739A
:108520001A0A82731A4A10881A4A22F81030000177
:10853000FFF724FE114B4FF6FF721A80002388F8D4
:108540000030002323707FE6042BD8D0052B3FF4A6
:1085500025AF2378012B7FF677AE0F4A13780133CE
:108560001370EEE716F8013B01F8013B0123CDE75C
:10857000C81500200CD60108C4150020C215002023
:108580005D3200203D3200204D320020D2320020EA
:10859000B8320020BA32002036240020DFF834D070
:1085A000FAF77CFD0C480D490D4A002302E0D4582F
:1085B000C4500433C4188C42F9D30A4A0A4C00232D
:1085C00001E013600432A242FBD303F0BBF9F7F7DA
:1085D00099FFFEE70000012000000020600F00204E
:1085E000D0D90108600F0020E4320020FEE700002F
:1085F00038B50E4B1A784FF47A73B3FBF2F30C4A8A
:1086000005461068B0FBF3F000F060FD044658B971
:108610000F2D09D8024629464FF0FF3000F0F2FC3A
:10862000044B20461D6038BD0120FCE7580F002098
:10863000000000205C0F0020074A08B5136843F0D3
:1086400010031360032000F0CBFC0020FFF7D0FFE5
:10865000F9F7ECF8002008BD00200240034A044B63
:1086600011681B780B441360704700BFE032002094
:10867000580F0020014B1868704700BFE0320020FF
:1086800070477047704738B503689A6802F0030274
:10869000012A044601D0002038BD1A68D107FAD556
:1086A0009A6802F00D02012A15D19A6842F002027E
:1086B0009A6003221A60FFF7DDFF054623689B6876
:1086C000DB07E8D5FFF7D6FF401B0228F6D9236861
:1086D0009B68DA07F2D5236C43F010032364636CC4
:1086E00043F0010363640120D6E7000038B5036856
:1086F0009A6802F00302012A044604D11A68D107DD
:1087000001D5002038BD9968104A114209D0236C68
:1087100043F010032364636C43F00103636401209E
:10872000F0E79A6842F001029A60FFF7A3FF05465E
:1087300023681B68DB07E4D4FFF79CFF401B02287B
:10874000F6D923681B68DA07F2D4E0E73F0000801F
:10875000406A036C43F040030364436C43F004033A
:108760004364FFF78FBF406AFFF78BBF436A1A6C01
:1087700012F0500F18D11A6C42F400721A641A6881
:10878000D26812F4406F0CD15A7E52B91A6C22F49E
:1087900080721A641A6CD2045EBF1A6C42F0010235
:1087A0001A641846FFF76CBF9B6B1B6B18470000E1
:1087B00037B5002301930446002800F01881026CAD
:1087C000D5066AD4036C002B35D0002023689A6844
:1087D000D20002D59B689D000AD5236C23F01203BA
:1087E00043F010032364636C43F0010363640120CE
:1087F000236CD90600F1F580002840F0F280236850
:108800009A68520700F1ED80226C22F4817242F0E6
:108810000202B3F1A04F2264764A42D093423ED086
:1088200002F540729342744900F0BC808B4218BF3D
:108830000022724936E0C0E91233436480F83C30CC
:10884000F9F70CF823689B68D800BED42046FFF7E0
:108850001AFF226CD106B9D40028B7D1236C226844
:1088600023F4885323F0020343F002032364936844
:1088700023F040539360936843F080539360604BC0
:10888000604A1B68B3FBF2F30A2253430193019B36
:10889000002B9AD0019B013BF8E71846A8E74FF060
:1088A000A04259499D6805F00305012D02D11D68BC
:1088B000ED070ED43AB1956805F00305012D02D1FC
:1088C0001268D20705D48A68656822F440322A43C8
:1088D0008A60D4E902211143626B657E013A18BFB8
:1088E000012241EA453141EA023194F82020012A6F
:1088F00007D1002D58D1626A013A41EA424242F45E
:108900008031A26A012A1ED0404DAB4203D005F54A
:108910008075AB4253D1B2F5307F53D0B2F5807F32
:1089200053D0B2F5E07F53D0B2F58A5F53D0B2F5A1
:10893000845F53D0B2F5865F08BF4FF4C072E56A1A
:108940000D4345EA02019A6812F00C0F0CD1DA6867
:1089500022F4804222F00202DA6094F83020257E70
:10896000520042EA85321143DD68294A2A400A430F
:10897000DA602269012A05BF196BE2691A6B02F1FC
:10898000FF3206BF21F00F010A4322F00F021A63E3
:1089900000236364236C23F0030343F00103236487
:1089A00003B030BD0A4644E7226C22F0220242F0B6
:1089B00020022264626C42F001026264A1E722F4A8
:1089C0008052BCE74FF4E072B9E74FF43072B6E77B
:1089D0004FF48072B3E74FF47072B0E74FF4A072B7
:1089E000ADE7236C23F0120343F01003236401204E
:1089F000D6E700BF000100500005005000070050FE
:108A00000000002040420F0000030050000400500E
:108A100007C0F0FF2DE9D841036890469A685207D5
:108A200004460F4600F18E8090F83C20012A00F0A9
:108A300089800122B3F1A04F80F83C2002D0424A45
:108A400093425AD1414B9B6813F01F0F0CBF012377
:108A50000023002B72D02046FFF748FE0646002870
:108A600068D1206C216820F4706020F0010040F48F
:108A70008070B1F1A04F206402D0334B99423ED1B7
:108A8000324B9B68DB0602D0B1F1A04F3ED1236C84
:108A900023F480132364CB689A0105D5236C23F457
:108AA000405343F480532364236CA06B13F480532E
:108AB0001CBF636C23F006036364002384F83C301E
:108AC000234B8362234BC362234B03631C230B6042
:108AD0004B6843F010034B60CB6843F00103CB605D
:108AE0003A464346403100F0D3FB2268936843F096
:108AF000040393603046BDE8D881184BA3E7174BB9
:108B00009B68D806C3D0164B9942BFE7236C43F449
:108B1000801323640C4B994214BF114B4FF0A043B8
:108B2000DB689B0141BF206C20F4405040F4805032
:108B30002064B9E7002384F83C30DBE784F83C305C
:108B40000126D7E70226D5E70001005000030050B8
:108B50006D870108678701085187010800070050E9
:108B600000040050F8B590F83C30012B04460E4646
:108B70003CD0012780F83C70FFF785FD0546E0B941
:108B8000236827649A6822F080429A60BE4202BF3E
:108B90009A6842F080429A609A6842F000429A6075
:108BA000FFF768FD064623689B68002B09DB236CF2
:108BB00023F0030343F001032364002384F83C30D3
:108BC00012E0FFF757FD801B0A28ECD923689B6849
:108BD000002BE8DA236C23F0120343F01003236424
:108BE000002384F83C3001252846F8BD0225FBE728
:108BF000F7B50023019390F83C30012B054600F0B7
:108C00005A81012380F83C3003689A68570700F1C5
:108C10004C8148680C680622042800FB02F22AD81E
:108C2000186B1F26964020EA060004FA02F202435F
:108C30001A639A6812F00C0F52D1092C8A6804EB5F
:108C400044004FF007063BD99F691E38864027EA4B
:108C50000606824032439A61DA684E69C2F3C10265
:108C6000520096400A69013AA006032A61D8DFE85B
:108C700002F02F454E5709280AD8586B1E3A1F2676
:108C8000964020EA060004FA02F202435A63D0E753
:108C90000E284FF01F0009D89E6B3C3A904026EA00
:108CA000000004FA02F202439A63C2E7DE6B5A3A0A
:108CB000904026EA000004FA02F20243DA63B8E7C1
:108CC0005F69864027EA0606824032435A61C3E75D
:108CD0001F6E7A4A3A400243324342F000421A661B
:108CE0009A6802F00302012A47D11A68D60744D5D0
:108CF0000020002385F83C3003B0F0BD5F6E6F4A62
:108D00003A400243324342F000425A66E8E79F6E1F
:108D10006A4A3A400243324342F000429A66DFE731
:108D2000DF6E664A3A400243324342F00042DA665E
:108D3000D6E71A6E02F0F842824202BF1A6E22F0A3
:108D400000421A665A6E02F0F842824202BF5A6E20
:108D500022F000425A669A6E02F0F842824202BF46
:108D60009A6E22F000429A66DA6E02F0F84282426F
:108D7000B6D1DA6E22F00042D9E7C8680122012894
:108D800002FA04F246D0D3F8B01021EA0202C3F886
:108D9000B020B3F1A04F62D14949102C64D18A6848
:108DA00012F4000FA4D1B3F1A04F464A09D0934268
:108DB00067D002F540729342434865D0834218BFA2
:108DC0000022986800F00300012802D11868C0074B
:108DD0006BD43AB1906800F00300012802D1126808
:108DE000D20762D4102C51D1B3F1A04F80D18B683F
:108DF000364A43F400038B60354B1B68B3FBF2F338
:108E00000A2253430193019B002B3FF471AF019B56
:108E1000013BF7E7D3F8B000092C42EA0002C3F89F
:108E2000B02088680CD904EB440299691B3A0726E4
:108E3000964021EA060100FA02F20A439A61A8E785
:108E4000611C5A6901EB410107268E4022EA0602A5
:108E500088400243B3F1A04F5A613FF449AF194A29
:108E6000934299D01B4998E7112C03D18A6812F0DC
:108E7000807F97E7122C7FF43BAF8A6812F4800F53
:108E800090E74FF0A0429CE702469AE7112C08D1E8
:108E9000B3F1A04F7FF42CAF8B6843F080738B60ED
:108EA00026E78B6843F48003F9E72B6C43F020033B
:108EB0002B6401201DE702201EE700BF00F0FF83A6
:108EC00000030050000100500005005040420F0018
:108ED0000000002000070050F0B504683C4BB4F1DE
:108EE000A04F054609D09C4247D03A4A944203F528
:108EF000806302D09C4266D1134695F83C20012A3B
:108F000063D0012285F83C20A268520755D49A68A4
:108F1000570752D4B4F1A04F32D02D4E2E4A2F48CD
:108F2000B44218BF0246086860B3976895F830C02D
:108F30004E6827F4604746EA4C363E439660A66882
:108F400006F00306012E02D12468E60710D49C68BF
:108F500004F00304012C02D11B68DC0708D49368D9
:108F6000896823F47163084323F00F03184390606A
:108F70000020002385F83C30F0BD4FF0A043BCE753
:108F8000154AD0E7916821F460419160A16801F031
:108F90000301012902D12168C907E9D4996801F0C8
:108FA0000301012902D11B68DB07E1D4936823F494
:108FB000716323F00F039360DAE72B6C43F0200317
:108FC0002B640120D5E70120D6E70220D4E700BFBB
:108FD0000001005000040050000300500007005042
:108FE0000749CA6822F4E0620302120403F4E06352
:108FF000120C134343F0BF6343F40033CB6070475C
:1090000000ED00E0164B30B5DC68C4F30224C4F177
:109010000703251D042B28BF0423062D4FF0FF3521
:109020008CBF033C002405FA03F321EA0303A540A7
:1090300022EA0502A340002843EA0203ACBF00F184
:109040006040084A4FEA0313B8BF00F00F00DBB2DC
:10905000AABF00F56140135480F8003330BD00BF53
:1090600000ED00E014ED00E0002807DB4109044AB0
:1090700000F01F000123834042F82130704700BFF9
:1090800000E100E000280CDB4309064900F01F0066
:1090900020330122824041F82320BFF34F8FBFF3DA
:1090A0006F8F704700E100E0BFF34F8F0549064B1B
:1090B000CA6802F4E0621343CB60BFF34F8F00BF76
:1090C000FDE700BF00ED00E00400FA050138B0F153
:1090D000807F0BD24FF0E023054A5861F02182F8DF
:1090E00023100020072298611A6170470120704701
:1090F00000ED00E010B5044668B1037903F0FF020B
:1091000013B94271F8F706FD0223237100200123F1
:109110002061237110BD0120FCE7704710B5437931
:10912000012B02464FF0020014D0136810711C6826
:10913000012088402043186069B9196801F03C019A
:109140003C2903D1596841F00101596001230020F5
:109150001371507110BD196801F47011B1F5701FD1
:10916000F4D1596841F00201EFE730B50346407988
:1091700001284FF0020018D01C681871256840F6CD
:10918000FE70904025EA0005D1E9000101439140BD
:10919000294321602168C02000FA02F221EA02027C
:1091A0002260002001221A71587130BD7047036897
:1091B0001A68910410B5044611D55A6B92040ED565
:1091C00004220271026942F0010202614FF400526E
:1091D0005A631A6822F480521A60FFF79EFF2368D0
:1091E0001A68910012D55A6B92000FD50422227191
:1091F000226942F0020222614FF000525A631A685B
:1092000022F080521A602046FFF7D0FF10BD000008
:1092100002680A4B9A424FF0140108D8084B1344D5
:10922000084AB3FBF1F39B00C0E90F237047064BDC
:109230001344064AB3FBF1F39B00F5E70704024031
:10924000F8FFFDBF00000240F8FBFDBF0004024034
:1092500038B50446D0B1D0E901352B43C568016863
:109260002B4305690A682B4345692B4385692B43CA
:10927000C5696FF30D122B4313430B60FFF7C8FF53
:1092800000204FF48073A063238438BD0120FCE7E5
:10929000F0B590F82040012C33D090F821500124F3
:1092A000A54280F820404FF0000428D184630226B4
:1092B000046880F82160266826F001062660D0E95F
:1092C0000F67BD40756063604368102BC36A0BBFB6
:1092D000A260A160E160E2604BB1236843F00E033D
:1092E0002360236843F0010323600020F0BD23685E
:1092F00043F00A032360236823F00403F0E780F8B7
:1093000020400220F2E7C16B026C036870B40E6863
:109310001D680424944034420ED015F0040F0BD085
:109320001A6892065EBF1A6822F004021A60C36AC5
:109330004C6063B370BC184702249440344212D08E
:1093400015F0020F0FD01A68950606D41A6822F09D
:109350000A021A60012380F8213000234C6080F853
:109360002030836AE5E70824944034420FD02C076C
:109370000DD51C6824F00E041C60012303FA02F2D0
:109380004A6083634FF480730384036BD1E770BC3E
:10939000704700002DE9F74FDFF89491624C0023ED
:1093A0000A6832FA03F502D103B0BDE8F08F012557
:1093B00005FA03F818EA020200F0A8804E680327B5
:1093C00006F003054FEA430E07FA0EFC6F1E012F4D
:1093D0006FEA0C0C34D8876807EA0C0ACF6807FAE2
:1093E0000EF747EA0A078760476827EA0808C6F3C6
:1093F00000179F4047EA08074760C76807EA0C085C
:109400008F6807FA0EF747EA0807022DC76019D1DF
:109410004FEAD30800EB880803F0070AD8F8207059
:109420004FEA8A0A4FF00F0B0BFA0AFB27EA0B0BE5
:109430000F6907FA0AF747EA0B07C8F8207001E03E
:10944000032DDAD1076805FA0EF507EA0C073D434C
:1094500016F4403F056059D0D9F8185045F0010581
:10946000C9F81850D9F8185023F0030707F18047BE
:1094700005F0010507F58037019503F0030C019D08
:10948000BD684FEA8C0C4FF00F0E0EFA0CFEB0F1D7
:10949000904F25EA0E0E3BD0244DA8423AD005F558
:1094A0008065A84238D005F58065A84236D005F51C
:1094B0008065A84234D005F58065A84232D005F514
:1094C0008065A84214BF0725062505FA0CF545EA74
:1094D0000E05BD60A568D74316F4801F0CBF3D4044
:1094E0001543A560E56816F4001F0CBF3D40154309
:1094F000E560656816F4003F0CBF3D4015436560AC
:109500002568F60354BF3D4015432560013347E706
:109510000025DAE70125D8E70225D6E70325D4E7B9
:109520000425D2E70525D0E70004014000040048E7
:10953000001002400AB18161704781627047036880
:109540009A69910744BF00229A629A69D2075EBF66
:109550009A6942F001029A617047000030B5039D9C
:1095600004682B4343EA0243064A6068C1F30901D9
:109570000B4342EA555223F0004320EA0200034322
:10958000636030BDFF63FF0303682DE9F0419C6910
:1095900014F0100405460F4616466FD01022002422
:1095A000DA61A0462B689A69900661D4B8F1000F81
:1095B00035D044F0040401202E68B369D90541BFB9
:1095C0004FF48072F26144F0010401205A0541BF5A
:1095D0004FF4806244F00804F26101209B054FD5EE
:1095E0004FF4007344F00204F3612846FFF7A7FF2D
:1095F000736823F0FF7323F48B3323F4FF7323F09A
:10960000010373606B6C23436B64202385F8413046
:10961000002385F8423085F84030012032E07A1C82
:10962000C1D0FFF727F8801BB84201D8002FB9D16D
:109630002B68596895F8422098690004D2B20AD57F
:10964000490408D4202A06D05A6842F480425A605D
:10965000FFF710F806462B689B699B06A2D4FFF71C
:1096600009F8801B1928F6D920244FF0010899E742
:10967000B8F1000F9DD12022DA619AE720469BE7DE
:109680000028B2D1BDE8F08170B504460D461646FB
:1096900023689B699B0701D500201FE032462946BD
:1096A0002046FFF771FFC0B96A1CF1D0FEF7E2FF58
:1096B000801BA84201D8002DEAD123689B6913F0D2
:1096C0000203E5D1626C84F8403042F0200262640B
:1096D000202284F8412084F84230012070BD2DE919
:1096E000F041DDF8188004460F4616461D462368F3
:1096F0009B6937EA03030CBF01230023B34201D067
:10970000002025E0424629462046FFF73DFFF0B9FC
:109710006B1CECD0FEF7AEFFA0EB0800A84201D80E
:10972000002DE4D123689B6937EA03030CBF0123B2
:109730000023B342DBD1636C43F020036364202336
:1097400084F84130002384F8423084F8403001200E
:10975000BDE8F08170B504460D46164623689B6946
:109760009B0601D500201DE0324629462046FFF722
:109770000BFFB0B9FEF77EFF801BA84201D8002D79
:10978000ECD123689B6913F02003E7D1626C84F865
:10979000403042F020026264202284F8412084F8A4
:1097A0004230012070BD10B5044600284ED090F81C
:1097B000413003F0FF021BB980F84020F8F7E0F9D0
:1097C000242384F8413023681A6822F001021A60C9
:1097D000626822F070621A619A6822F400429A600C
:1097E000D4E90221012906D142F400429A605A6864
:1097F00022F4006207E042F4044202299A60F6D1A2
:109800005A6842F400625A605A6842F0007242F4A8
:1098100000425A60DA6822F40042DA60D4E9042196
:109820000A43A16942EA0122DA60D4E907210A4326
:109830001A601A6842F001021A6000202023606456
:1098400084F84130206384F8420010BD0120FCE719
:109850002DE9F74F994690F84130BDF834A0DDF876
:109860003880202B04460F46164640F0C6800C9BDD
:1098700013B1BAF1000F06D14FF4007363640120F5
:1098800003B0BDE8F08F90F84030012B00F0B580B8
:109890004FF0010B80F840B0FEF7ECFE19230546AF
:1098A00000905A464FF400412046FFF718FF002869
:1098B000E5D1212384F84130402384F842300C9BC9
:1098C00063624F4B60646063A4F82AA05FFA89F278
:1098D0000093394620464FF08073FFF73FFE2A463B
:1098E00041462046FFF7D0FE18BBB9F1010F2368AF
:1098F00015D1F6B29E620022009543468021204693
:10990000FFF7EDFEA8B9638D9BB2FF2B15D8628DD2
:1099100092B222854FF000730090D2B212E0320A68
:109920009A6241462A462046FFF7AEFE08B92368F0
:10993000DFE7002384F84030A1E7FF2222854FF0C3
:109940008073009039462046FFF708FE2A464146BC
:109950002046FFF799FE002891D1636A226813F828
:10996000011B91626362638D228D013B9BB2638513
:10997000638D013A92B29BB22285B3B1AAB9009528
:10998000434680212046FFF7AAFE00287FF477AFE8
:10999000638D9BB2FF2B28D9FF2222854FF0807365
:1099A000009039462046FFF7D9FD638D9BB2002B0E
:1099B000CCD12A4641462046FFF7CCFE00287FF452
:1099C0005EAF23682021D9615A6822F0FF7222F429
:1099D0008B3222F4FF7222F001025A6084F84110A7
:1099E00084F8400084F842004AE7628D92B22285F2
:1099F0004FF000730090D2B2D3E7022040E700BFDF
:109A0000002000802DE9F74F994690F84130BDF8CD
:109A100034A0DDF83880202B04460F46164640F06F
:109A2000C9800C9B13B1BAF1000F06D14FF400733B
:109A30006364012003B0BDE8F08F90F84030012B43
:109A400000F0B8804FF0010B80F840B0FEF712FE36
:109A50001923009005465A464FF400412046FFF76F
:109A60003EFE03460028E4D1222284F84120402211
:109A700084F842200C9A62624F4A60646063A4F8E2
:109A80002AA03946009220465FFA89F2FFF766FD68
:109A90002A4641462046FFF7F7FD20BBB9F1010FEA
:109AA000236816D1F6B29E620022009543464021FB
:109AB0002046FFF714FEB0B9638D9BB2FF2B3F4BDE
:109AC00015D8628D92B222850093D2B24FF0007306
:109AD00012E0320A9A6241462A462046FFF7D4FD38
:109AE00008B92368DEE7002384F84030A1E70122AB
:109AF000228500934FF0807339462046FFF72EFDF4
:109B000000954346002204212046FFF7E8FD002887
:109B10008FD123685A6A636A1A70636A228D01338F
:109B20006362638D013B9BB26385638D013A92B2A0
:109B30009BB22285B3B1AAB9009543468021204645
:109B4000FFF7CDFD00287FF474AF638D9BB2FF2B30
:109B500028D9012222854FF0807300903946204693
:109B6000FFF7FCFC638D9BB2002BC9D12A4641460E
:109B70002046FFF7EFFD00287FF45BAF236820212C
:109B8000D9615A6822F0FF7222F48B3222F4FF72FC
:109B900022F001025A6084F8411084F8400084F8F1
:109BA000420047E7628D92B222854FF00073009029
:109BB000D2B2D3E702203DE70020008000240080DD
:109BC0002DE9F04385B01D460023039390F8413002
:109BD000202B0446174672D103689B6913F4004397
:109BE0006DD190F84020012A69D00122C1F3090605
:109BF00080F8402046F00078242280F8412048F484
:109C000020584364E3682268012B06BF46F00073C6
:109C100043F4005343465360FEF72CFD814622680F
:109C200093699269C3F34013C2F30012134316D031
:109C300023689A69CDF8009012F010022B4624D1C7
:109C400020212046FFF74BFDE8B922682023D3618D
:109C500084F8413084F8400005B0BDE8F0836B1C07
:109C6000DDD0FEF707FDA0EB0900A84201D8002DCA
:109C7000D5D1202384F84130636C43F02003636422
:109C8000002384F840300120E6E70022202120460E
:109C9000FFF725FD0028F6D123681022DA61202283
:109CA000DA61039B01330393039BBB42AAD384F87D
:109CB0004120636C84F8400013436364E3E70220AF
:109CC000CAE710B590F84120202A0346D4B21CD12F
:109CD00090F84020012A18D0242280F84120026800
:109CE000106820F001001060106820F480501060AF
:109CF0001068014311601168002041F001011160FA
:109D000083F8414083F8400010BD0220FCE710B505
:109D100090F84120202A0346D4B21BD190F840206D
:109D2000012A17D0242280F841200268106820F010
:109D300001001060106820F4706040EA0121116099
:109D40001168002041F00101116083F8414083F85F
:109D5000400010BD0220FCE738B5044638B3036864
:109D60004CF6CC421A6045F255521A6042685A606D
:109D700082689A60FEF77EFC05462368DA6852071F
:109D800006D11969E26891420DD01A61002038BDF0
:109D9000FEF770FC401B2728EFD92368DB685907C2
:109DA000EBD00320F3E74AF6AA221A60EEE701207F
:109DB000EDE703684AF6AA221A6000207047000007
:109DC0002DE9F3470446002836D00368DF0711D495
:109DD00023689E0700F1858023681D0700F1F2804B
:109DE0002368580700F13781A369002B40F0BD813B
:109DF000002043E0B44D6B6803F00C03042B0AD041
:109E00006B6803F00C03082B18D16B6803F4C033A4
:109E1000B3F5803F12D14FF4003393FAA3F22968CF
:109E200093FAA3F30122B3FA83F302FA03F30B428A
:109E3000CED06368002BCBD101201FE06368B3F55F
:109E4000803F1ED12B6843F480332B60FEF712FC59
:109E50004FF4003706464FF0010897FAA7F32A6837
:109E600097FAA7F3B3FA83F308FA03F31342AFD1D7
:109E7000FEF700FC801B6428EFD9032002B0BDE888
:109E8000F087FBB92B6823F480332B602B6823F415
:109E900080232B60FEF7EEFB4FF4003706464FF0B1
:109EA000010897FAA7F32A6897FAA7F3B3FA83F39E
:109EB00008FA03F313428BD0FEF7DCFB801B642807
:109EC000EFD9DAE7B3F5A02F2B6803D143F4802351
:109ED0002B60B7E723F480332B602B6823F48023B7
:109EE000B3E7794D6B6813F00C0F0AD06B6803F081
:109EF0000C03082B22D16B6803F4C033B3F5004F79
:109F00001CD1022393FAA3F2296893FAA3F3012246
:109F1000B3FA83F302FA03F30B4202D0E3689342ED
:109F20008AD12968F82292FAA2F22369B2FA82F25F
:109F3000934021F0F80213432B604DE7E2680126BD
:109F4000FAB196FAA6F3B3FA83F303F1845303F557
:109F500084139B004FF002081E60FEF78BFB074640
:109F600098FAA8F32A6898FAA8F3B3FA83F306FAE2
:109F700003F31342D5D1FEF77DFBC01B0228EFD9B6
:109F80007BE796FAA6F3B3FA83F303F1845303F560
:109F900084139B004FF002081A60FEF76BFB074624
:109FA00098FAA8F32A6898FAA8F3B3FA83F306FAA2
:109FB00003F313423FF410AFFEF75CFBC01B022813
:109FC000EED95AE76269404E404901250AB395FA35
:109FD000A5F3B3FA83F30B449B0002271D60FEF741
:109FE00049FB804697FAA7F397FAA7F397FAA7F3E6
:109FF000726A97FAA7F3B3FA83F305FA03F31342ED
:10A000007FF4EEAEFEF736FBA0EB08000228E9D99C
:10A0100033E795FAA5F3B3FA83F30B449B000227C9
:10A020001A60FEF727FB804697FAA7F397FAA7F383
:10A0300097FAA7F3726A97FAA7F3B3FA83F305FACC
:10A0400003F313423FF4CCAEFEF714FBA0EB080081
:10A050000228E9D911E71C4DEB69D90031D4EB692D
:10A0600043F08053EB61EB6903F080530193019B54
:10A070000126174F3B68DA052CD5A368012B3AD18E
:10A080002B6A43F001032B62FEF7F4FA02278046A5
:10A090004FF0010941F2883A97FAA7F397FAA7F32C
:10A0A0002A6A97FAA7F3B3FA83F309FA03F3134280
:10A0B00054D0002E3FF498AEEB6923F08053EB614F
:10A0C00092E60026D5E700BF0010024020819010E4
:10A0D000007000403B6843F480733B60FEF7CAFAAF
:10A0E00080463B68DB05C8D4FEF7C4FAA0EB080045
:10A0F0006428F6D9C1E61BBB2B6A23F001032B624F
:10A100002B6A23F004032B62FEF7B4FA0227804681
:10A110004FF0010941F2883A97FAA7F397FAA7F3AB
:10A120002A6A97FAA7F3B3FA83F309FA03F31342FF
:10A13000BFD0FEF79FFAA0EB08005045ECD99CE693
:10A14000052B2B6A03D143F004032B6298E723F01D
:10A1500001032B622B6A23F0040394E7FEF78AFACB
:10A16000A0EB0800504597D987E64C4D6A6802F08D
:10A170000C02082A7AD0022B4FF0807353D193FA45
:10A18000A3F3B3FA83F303F1845303F584139B0021
:10A1900000221A60FEF76EFA4FF00078074601269B
:10A1A00098FAA8F32A6898FAA8F3B3FA83F306FAA0
:10A1B00003F3134231D1EB6A626A23F00F031343B6
:10A1C000EB62D4E907136A680B4322F47612134357
:10A1D0006B604FF0807393FAA3F3B3FA83F303F148
:10A1E000845303F584139B0001271E60FEF742FA97
:10A1F0004FF00076044696FAA6F32A6896FAA6F37C
:10A20000B3FA83F307FA03F313427FF4F1ADFEF7D9
:10A2100031FA001B0228EED92FE6FEF72BFAC01BFD
:10A220000228BDD929E693FAA3F3B3FA83F303F125
:10A23000845303F584139B0000221A60FEF71AFA78
:10A240004FF000760446012796FAA6F32A6896FA9C
:10A25000A6F3B3FA83F307FA03F313423FF4C8AD4E
:10A26000FEF708FA001B0228EED906E6012B3FF4A0
:10A27000E3AD6B68E269E86A03F4C03191427FF4B0
:10A28000DBAD226A03F4701393427FF4D5AD636AA9
:10A2900000F00F00C01A18BF0120EFE500100240C7
:10A2A000094A0A48536803F00C0108290BD1D26A05
:10A2B000074902F00F02C3F383438A5CB0FBF2F05C
:10A2C000044AD35C584370470010024000127A00E1
:10A2D000A8D90108B8D901082DE9F0410D46044676
:10A2E00010B90120BDE8F0814A4A136803F0070362
:10A2F0008B422ED32268910736D4D2073CD4454AEC
:10A30000136803F00703AB4270D82268424D12F085
:10A31000040F77D1130706D56B68226923F46053C5
:10A3200043EAC2036B60FFF7BBFF6B68F02292FA4F
:10A33000A2F2B2FA82F203F0F003D340374AD35CC0
:10A34000D840374B1860374B1868FEF751F900209A
:10A35000C8E7136823F007030B431360136803F087
:10A3600007038B42BDD1C5E72B49A0684B6823F09A
:10A37000F00303434B60C0E76268274E012A24D1F3
:10A380004FF4003393FAA3F1316893FAA3F3B3FACD
:10A3900083F302FA03F30B42A3D0736823F00303A1
:10A3A00013437360FEF766F941F288380746736815
:10A3B000626803F00C03B3EB820FA0D0FEF75AF9EA
:10A3C000C01B4045F3D903208CE7022A0CBF4FF095
:10A3D0000073022393FAA3F1306893FAA3F30121E7
:10A3E000B3FA83F301FA03F30342D5E7136823F0CA
:10A3F00007032B431360136803F00703AB427FF49A
:10A4000070AF82E76B68E16823F4E0630B436B6035
:10A4100080E700BF002002400010024082D5010802
:10A42000000000205C0F0020084B4FF4E0625B68E6
:10A4300092FAA2F2B2FA82F203F4E063D340044A41
:10A44000D35C044A1068D840704700BF0010024037
:10A450007AD5010800000020084B4FF460525B6879
:10A4600092FAA2F2B2FA82F203F46053D340044AA1
:10A47000D35C044A1068D840704700BF0010024007
:10A480007AD501080000002003682DE9F347D903BD
:10A49000044624D5974DEB69DA0000F1D080EB69D2
:10A4A00043F08053EB61EB6903F080530193019B10
:10A4B0000126914F3B68DB0540F1C3802B6A62683F
:10A4C00013F4407340F0D2802B6A626823F4407327
:10A4D00013432B621EB1EB6923F08053EB612368B9
:10A4E000DA0706D58349A0680A6B22F0030202430B
:10A4F0000A639F0706D57F49E0680A6B22F4403261
:10A5000002430A635E0706D57A4920690A6B22F482
:10A51000402202430A639D0606D57649E0690A6B2C
:10A5200022F0100202430A63980306D57149606D58
:10A530004A6822F4800202434A60590606D56D49F2
:10A54000206A0A6B22F0200202430A635A0306D5EE
:10A550006849606A0A6B22F0400202430A631F07DF
:10A5600006D5644960690A6B22F4401202430A630B
:10A57000DE0606D55F49A0690A6B22F44002024359
:10A580000A639D0506D55B49206B4A6822F40002E8
:10A5900002434A60180606D55649A06ACA6A22F4E0
:10A5A000F8720243CA62D90506D55249E06ACA6AFE
:10A5B00022F478520243CA62DA0406D54D49606B30
:10A5C0000A6B22F4807202430A639F0406D549494C
:10A5D000206C0A6B22F4007202430A63DE0206D585
:10A5E0004449A06B0A6B22F0807202430A639D0209
:10A5F00006D54049E06B0A6B22F0007202430A6301
:10A60000580206D53B49606C0A6B22F48062024313
:10A610000A63190206D53749A06C0A6B22F400625E
:10A6200002430A63DA0106D53249E06C0A6B22F470
:10A63000005202430A639B0154D4002013E0002619
:10A6400037E73B6843F480733B60FEF713F88046BE
:10A650003B68D8053FF532AFFEF70CF8A0EB0800D9
:10A660006428F5D9032002B0BDE8F08702F44072F7
:10A670009A423FF429AF296A4FF4803321F44070A5
:10A6800093FAA3F2DFF874C0B2FA82F26244920045
:10A690000127176093FAA3F3B3FA83F363449B0093
:10A6A0000022C9071A6028627FF50EAFFDF7E2FFAE
:10A6B0004FF00208814641F2883A98FAA8F398FAD6
:10A6C000A8F32A6A98FAA8F3B3FA83F307FA03F314
:10A6D00013427FF4F9AEFDF7CDFFA0EB0900504522
:10A6E000EBD9BFE7034A216D136B23F400430B43FF
:10A6F0001363A2E700100240007000400081901038
:10A70000036A026A22F0010270B50262446882693B
:10A710000D6822F4803222F073022A438D6823F000
:10A7200002032B43144DA84213D005F50065A8423F
:10A730000FD005F54065A8420BD005F58065A8420D
:10A7400007D005F58065A84203D005F50065A8424D
:10A750000BD1CD6823F008032B4324F44075D1E9D5
:10A760000546344323F004032C43446082614A6865
:10A770004263036270BD00BF002C0140036A026A9D
:10A7800022F4807270B502624468C2690D6822F4D6
:10A79000803222F073022A438D6823F4007343EA67
:10A7A0000523154DA84207D005F50065A84203D042
:10A7B00005F5E055A8420ED1CD6823F4006343EAC5
:10A7C000052323F4806324F44055D1E9054634433E
:10A7D00045EA041409E0094DA842F4D0084DA84206
:10A7E000F1D005F58065A842EDD04460C2614A68A9
:10A7F000C263036270BD00BF002C014000400140F5
:10A8000000440140036A026A22F4805230B50262B9
:10A810004468C2690D6822F0807222F4E64242EA7E
:10A8200005228D6823F4005343EA0533104DA842F6
:10A8300013D005F50065A8420FD005F54065A84284
:10A840000BD005F58065A84207D005F58065A842C4
:10A8500003D005F50065A84204D14D6924F4804475
:10A8600044EA85144460C2614A680264036230BDF0
:10A87000002C0140036A026A22F4803230B5026281
:10A880004468426D0D6822F4803222F070022A433F
:10A890008D6823F4003343EA0543114DA84213D0D9
:10A8A00005F50065A8420FD005F54065A8420BD01C
:10A8B00005F58065A84207D005F58065A84203D05C
:10A8C00005F50065A84204D14D6924F4803444EABA
:10A8D0000524446042654A688265036230BD00BF5A
:10A8E000002C0140036A026A22F4801230B5026231
:10A8F0004468426D0D6822F0807222F4E04242EA20
:10A9000005228D6823F4001343EA0553104DA84235
:10A9100013D005F50065A8420FD005F54065A842A3
:10A920000BD005F58065A84207D005F58065A842E3
:10A9300003D005F50065A84204D14D6924F48024B4
:10A9400044EA8524446042654A68C265036230BDBA
:10A95000002C014090F83D30012B2BD10223164AE8
:10A9600080F83D300368934216D0B3F1804F13D086
:10A97000A2F5943293420FD002F5806293420BD03D
:10A9800002F59632934207D002F54062934203D01B
:10A9900002F58052934207D19968084A0A40062A74
:10A9A00006D0B2F5803F03D01A6842F001021A6067
:10A9B0000020704701207047002C01400700010073
:10A9C00090F83D30012B2FD1022380F83D300368F1
:10A9D000DA6842F00102DA60144A934216D0B3F109
:10A9E000804F13D0A2F5943293420FD002F58062CB
:10A9F00093420BD002F59632934207D002F54062A3
:10AA0000934203D002F58052934207D19968084AD5
:10AA10000A40062A06D0B2F5803F03D01A6842F0F9
:10AA200001021A600020704701207047002C01408D
:10AA300007000100704770477047704770477047C4
:10AA4000036870B5DD681E69B20704460DD5A90715
:10AA50000BD56FF002021A61012202779B699A07F7
:10AA600074D0FFF7EAFF00232377730710D5680738
:10AA70000ED523686FF004021A61022222779B69C7
:10AA800013F4407F204667D0FFF7D7FF00232377DA
:10AA900031070FD52A070DD523686FF008021A6118
:10AAA00004222277DB699B0720465BD0FFF7C5FFB6
:10AAB00000232377F00610D5E9060ED523686FF042
:10AAC00010021A6108222277DB6913F4407F2046C6
:10AAD0004ED0FFF7B2FF00232377F20708D5EB072C
:10AAE00006D523686FF001021A612046FFF7A3FF25
:10AAF000300608D5290606D523686FF080021A6152
:10AB0000204600F004FDF20508D52B0606D5236883
:10AB10006FF480721A61204600F0FAFC700608D5C6
:10AB2000690606D523686FF040021A612046FFF7D8
:10AB300086FFB20622D5AB0620D523686FF020022F
:10AB400020461A61BDE8704000F0E0BCFFF774FFDA
:10AB50002046FFF773FF86E7FFF76EFF2046FFF7FB
:10AB60006DFF93E7FFF768FF2046FFF767FF9FE75A
:10AB7000FFF762FF2046FFF761FFACE770BD000002
:10AB80002B4A0368904212D0B0F1804F0FD0A2F54B
:10AB9000943290420BD002F58062904207D002F5C9
:10ABA0009632904203D002F5E052904208D14A68B2
:10ABB00023F070031343CA6823F4407313430AE07D
:10ABC0001C4A9042F7D002F580629042F3D002F521
:10ABD00080629042EFD04A6923F080031343036000
:10ABE0008B68C3620B688362114B984213D003F5E4
:10ABF000006398420FD003F5406398420BD003F5F1
:10AC00008063984207D003F58063984203D003F530
:10AC10000063984201D10B69036301234361036917
:10AC2000DB0742BF036923F001030361704700BFE4
:10AC3000002C01400040014010B5044650B390F88C
:10AC40003D3003F0FF021BB980F83C20F6F7CEFF41
:10AC50000223206884F83D30211DFFF791FF012376
:10AC600084F84830002084F83E3084F83F3084F87F
:10AC7000403084F8413084F8423084F8433084F81E
:10AC8000443084F8453084F8463084F8473084F8FE
:10AC90003D3010BD0120FCE710B5044650B390F8DC
:10ACA0003D3003F0FF021BB980F83C20F7F742F873
:10ACB0000223206884F83D30211DFFF761FF012346
:10ACC00084F84830002084F83E3084F83F3084F81F
:10ACD000403084F8413084F8423084F8433084F8BE
:10ACE000443084F8453084F8463084F8473084F89E
:10ACF0003D3010BD0120FCE710B5044650B390F87C
:10AD00003D3003F0FF021BB980F83C20FFF792FEB4
:10AD10000223206884F83D30211DFFF731FF012315
:10AD200084F84830002084F83E3084F83F3084F8BE
:10AD3000403084F8413084F8423084F8433084F85D
:10AD4000443084F8453084F8463084F8473084F83D
:10AD50003D3010BD0120FCE7036A026A22F01002B8
:10AD600070B50262446882690D6822F0807222F434
:10AD7000E64242EA05228D6823F0200343EA0513E8
:10AD8000144DA84207D005F50065A84203D005F58B
:10AD9000E055A8420ED1CD6823F0800343EA0513A5
:10ADA00023F0400324F44065D1E90546344345EAE5
:10ADB000840409E0084DA842F4D0084DA842F1D01F
:10ADC00005F58065A842EDD0446082614A688263DF
:10ADD000036270BD002C014000400140004401406E
:10ADE00038B590F83C30012B044673D001200C2A72
:10ADF00084F83C004ED008D8042A2BD0082A39D039
:10AE0000BAB1002384F83C3038BD102A52D0142A3D
:10AE1000F7D12068FFF766FD436D0A6943F40063CC
:10AE20004365436D23F480634365436D43EA022326
:10AE30004EE02068FFF764FC83690A6943F0080369
:10AE40008361836923F0040383618369134383610E
:10AE50000020D6E72068FFF77FFF83690A6943F483
:10AE600000638361836923F480638361836943EAB8
:10AE70000223ECE72068FFF781FCC3690A6943F00D
:10AE80000803C361C36923F00403C361C3691343A7
:10AE9000C361DDE72068FFF7B5FCC3690A6943F4C5
:10AEA0000063C361C36923F48063C361C36943EA78
:10AEB0000223EDE72068FFF7DDFC436D0A6943F0EC
:10AEC00008034365436D23F004034365436D134357
:10AED0004365BDE7022097E770B5056A046A174E1F
:10AEE00024F001040462B042846922D0B0F1804FA2
:10AEF0001FD0A6F59436B0421BD006F58066B0424E
:10AF000017D006F59636B04213D006F54066B0422B
:10AF10000FD006F58056B0420BD044F0010263F327
:10AF2000071201F00A0125F00A0319438261016248
:10AF300070BD24F003042243F1E700BF002C014060
:10AF4000F8B590F83C30012B05460C4600F08280A5
:10AF50000120082A85F83C005CD006D842B3042AB8
:10AF600036D0002385F83C30F8BD0C2AF9D12B6887
:10AF7000CE68186AD1E90027196A21F48051196254
:10AF8000D969120321F4407141EA072120F42040DD
:10AF900002F4204266F30F310243D9611A62DA6982
:10AFA000A16822F44062DA61DA6942EA01224FE0E4
:10AFB0002868CB68D1E90012FFF78EFF8369A26889
:10AFC00023F00C0383618369134383610020C8E786
:10AFD0002B68CE68186AD1E90027196A21F01001A0
:10AFE00019629969120121F4407141EA072120F0A8
:10AFF000A00002F0A00266F30F31024399611A62C9
:10B000009A69A16822F440629A619A6942EA01222F
:10B010009A61DBE72B68E768186A1E6A26F4807677
:10B02000D1E900211E62DE69120226F003063143D7
:10B0300020F4206002F4206267F307110243D96113
:10B040001A62DA69A16822F00C02DA61DA690A434D
:10B05000DA61BBE7022087E710B584680A4324F46D
:10B060007F4442EA03222243826010BD38B590F843
:10B070003C30012B04464FF0020000F08C8084F835
:10B080003D000122206884F83C208568434B2B401A
:10B0900083600B68602B4FD032D8402B64D016D819
:10B0A000202B0DD00AD833F0100109D0012384F8E9
:10B0B0003D30002384F83C30104638BD302BF5D1AC
:10B0C000826822F07002134343F0070328E0502BFC
:10B0D000ECD14A68CD68016A036A23F00103036278
:10B0E000836921F00A0123F0F00343EA05130A43C0
:10B0F00083610262836823F0700343F057030FE01B
:10B10000B3F5805F0DD0B3F5005F0CD0702BCDD1BF
:10B11000CB68D1E90121FFF79FFF836843F07703F4
:10B1200083600022C2E7CB68D1E90121FFF794FFD9
:10B13000836843F48043F3E7036A026A4D68C96891
:10B1400022F010020262826923F0A00322F470420E
:10B1500043EA051342EA013282610362836823F005
:10B16000700343F06703DBE74A68CD68016A036A4E
:10B1700023F001030362836921F00A0123F0F00345
:10B1800043EA05130A4383610262836823F0700374
:10B1900043F04703C4E702468EE700BF8800FEFF86
:10B1A000036A10B501F01F0101248C4023EA040357
:10B1B0000362036A8A401A43026210BD082908B577
:10B1C00018D005D859B1042911D090F8433008E0BF
:10B1D0000C2912D01029F8D190F8423001E090F8F3
:10B1E0003E30013B18BF012353B1012049E090F8E4
:10B1F0003F30F6E790F84030F3E790F84130F0E761
:10B2000008294FF0020340D006D861B1042939D093
:10B21000022380F8433008E00C2939D01029F7D1F7
:10B2200080F8423001E080F83E3000680122FFF7EC
:10B23000B7FF254B984213D003F5006398420FD017
:10B2400003F5406398420BD003F58063984207D022
:10B2500003F58063984203D003F5006398421AD146
:10B26000436C43F400434364174B984203D003F507
:10B27000006398421ED18268144B1340062B1FD1E5
:10B28000002008BD80F83F30CFE780F84030CCE7A1
:10B2900080F84130C9E7B0F1804FECD00C4B9842B8
:10B2A000E9D003F580639842E5D0036843F00103D9
:10B2B0000360E5E7074B9842DDD003F58053F2E7E2
:10B2C000B3F5803FF1D1DBE7002C0140070001001E
:10B2D0000004004000400140FFF770BF082908B596
:10B2E000034629D005D859B104291FD093F843004B
:10B2F0002AE00C2926D01029F8D190F8420023E04A
:10B3000090F83E0093F84420C0B20128D2B266D132
:10B31000012A53D108294FF0020255D018D8F1B1B3
:10B3200004294CD0022283F8432054E090F83F00D7
:10B3300093F84520C0B2E8E790F8400093F8462023
:10B34000C0B2E2E790F8410093F84720C0B2DCE7D2
:10B350000C293ED01029E5D183F842203BE083F848
:10B360003E2083F8442018680122FFF719FF1D4B87
:10B37000984216D0B0F1804F13D0A3F59433984281
:10B380000FD003F5806398420BD003F596339842B3
:10B3900007D003F54063984203D003F580539842E9
:10B3A00007D18268104B1340062B06D0B3F5803FBF
:10B3B00003D0036843F001030360002008BD83F855
:10B3C0003F2083F84520CEE783F8402083F84620CD
:10B3D000C9E783F84120022283F84720C3E7012010
:10B3E000ECE700BF002C01400700010030B590F8E9
:10B3F0003C30012B04464FF002003DD023681F4D26
:10B4000084F83D00AB425A68986807D005F500659E
:10B41000AB4203D005F5E055AB4203D14D6822F4B1
:10B4200070022A430D6822F070022A435A60134AC0
:10B43000934216D0B3F1804F13D0A2F594329342C9
:10B440000FD002F5806293420BD002F59632934200
:10B4500007D002F54062934203D002F58052934236
:10B4600004D1896820F080020A439A6001230020F9
:10B4700084F83D3084F83C0030BD00BF002C014012
:10B4800010B590F83C30012B02463BD0CB68886861
:10B490001D4C23F440730343486823F48063034343
:10B4A000086823F400630343086923F480530343CB
:10B4B000486923F400530343886A23F48043034319
:10B4C000886923F4702343EA00431068A04207D040
:10B4D00004F50064A04203D004F5E054A0420CD16E
:10B4E0004C6A23F4700343EA0453CC69096A23F0DD
:10B4F0008073234323F000730B434364002082F8DE
:10B500003C0010BD0220FCE7002C01407047704752
:10B510007047026852E8003F23F4907342E800311C
:10B5200002680029F5D102F1080353E8003F23F037
:10B53000010302F1080C4CE800310029F3D1036E3D
:10B54000012B07D152E8003F23F0100342E80031FD
:10B550000029F7D12023C0F88030002303668366DA
:10B560007047000038B50446C0692169A2682368A5
:10B570000A4361691D680A435449024329400A434A
:10B580001A605A68E168256A22F440520A435A60F8
:10B590009968A26921F430612A430A439A604C4AAF
:10B5A00093420FD14B4B1B6B03F00303022B6ED066
:10B5B000032B72D0012B64D0B0F5004F47D0FEF7BB
:10B5C0004BFF4BE0444A934217D1424B1B6B03F4B1
:10B5D0004033B3F5003F5AD007D8002B51D1B0F516
:10B5E000004F39D1FEF720FF33E0B3F5403F54D090
:10B5F00001200023C4E91A3338BD384A93420AD1E6
:10B60000344B1B6B03F44023B3F5002F3FD0E4D938
:10B61000B3F5402FEBE7324A93420AD12D4B1B6B17
:10B6200003F44013B3F5001F31D0D6D9B3F5401F52
:10B63000DDE72C4A9342DBD1264B1B6B03F440031E
:10B64000B3F5000F23D0C8D9B3F5400FCFE7FEF70D
:10B6500003FF30BB0020CCE7FEF7E6FE0028F9D060
:10B66000626800EB5203B3FBF2F34FF6EF72A3F103
:10B6700010019142BCD82268D360EBE7FEF710FEC0
:10B68000ECE7B0F5004FF9D1FEF70AFEE1E7B0F5BF
:10B69000004F06D04FF40040E2E7B0F5004F1248EB
:10B6A000DED16268530803EB4003B3FBF2F34FF6BD
:10B6B000EF72A3F1100191429AD823F00F02216892
:10B6C00092B2C3F342031343CB60C3E7F369FFEFC6
:10B6D0000038014000100240004400400048004093
:10B6E000004C00400050004000127A00436A1A07E4
:10B6F00010B506D50168446B4A6822F40042224323
:10B700004A60DC0706D50168846A4A6822F4003280
:10B7100022434A60990706D50168C46A4A6822F440
:10B72000803222434A605A0706D50168046B4A6892
:10B7300022F4802222434A60DC0606D50168846B2D
:10B740008A6822F4805222438A60990606D50168ED
:10B75000C46B8A6822F4005222438A605A060FD5CD
:10B760000168046C4A6822F480122243B4F5801FF9
:10B770004A6005D14A68446C22F4C00222434A6000
:10B780001B0606D50268816C536823F400230B4323
:10B79000536010BD2DE9F843DDF8209004460D46B6
:10B7A000174698462268D36935EA03030CBF012384
:10B7B0000023BB4201D0002022E0B9F1FF3FF2D0CC
:10B7C000FCF758FFA0EB0800484529D8B9F1000F55
:10B7D00026D021680B685A07E4D5802DE2D0402D91
:10B7E000E0D0CE6916F008060CD0082520460D6280
:10B7F000FFF78FFE0023C4F8845084F878300120CE
:10B80000BDE8F883CB691B05CCD54FF400630B6210
:10B810002046FFF77EFE2023C4F8843084F8786049
:10B820000320EDE773B504460026C0F88460FCF7FA
:10B8300021FF23681B681A0705461BD56FF07E435E
:10B840000093324603464FF400112046FFF7A2FF53
:10B8500080B1226852E8003F23F0800342E80031C3
:10B860000029F6D12023E3670320002384F87830F1
:10B8700002B070BD23681B685B0724D56FF07E4360
:10B88000009300222B464FF480012046FFF782FFF1
:10B89000C8B1226852E8003F23F4907342E80031B7
:10B8A00022680029F5D102F1080353E8003F23F094
:10B8B000010302F1080040E800310029F3D1202300
:10B8C000C4F88030D0E720230020E367C4F880303C
:10B8D00020666066C9E710B5044640B3C36F1BB964
:10B8E00080F87830F6F796FA22682423E367136825
:10B8F00023F001031360636A13B12046FFF7F6FEDD
:10B900002046FFF72FFE012811D023685A6822F441
:10B9100090425A609A6822F02A029A601A6842F0AD
:10B92000010220461A60BDE81040FFF77BBF0120EE
:10B9300010BD02440346934200D1704703F8011B37
:10B94000F9E7000070B50D4D0D4C641BA4100026E6
:10B95000A64209D10B4D0C4C00F026F8641BA41034
:10B960000026A64205D170BD55F8043B9847013624
:10B97000EEE755F8043B98470136F2E7C8D90108CD
:10B98000C8D90108C8D90108CCD901080A44914294
:10B9900000F1FF3300D1704710B511F8014B03F8E7
:10B9A000014F9142F9D110BDF8B500BFF8BC08BCF9
:10B9B0009E467047F8B500BFF8BC08BC9E4670476D
:10B9C000000000000000000009000A000D00140043
:10B9D000120014001B0028001B001E0028003C0061
:10B9E00021002800360050002A0032004300640085
:10B9F00033003C00500078003C0046005E008C00A4
:10BA0000470050006B00A00050005A007900B400BD
:10BA1000590064008600C80062006E009300DC00DC
:10BA200068007800A100F00071008200AE000401FF
:10BA30007A008C00BC00180183009600C9002C011C
:10BA4000506C756726506C617920434F4F4C4552BE
:10BA500020554E495400506C756726506C61792012
:10BA600054494720444300506C756726506C6179F7
:10BA700020574952452046454544455200506C7573
:10BA80006726506C61792054494720414344430064
:10BA9000506C756726506C617920504C41534D4174
:10BAA00000506C756726506C6179204357460050F2
:10BAB0006C756726506C61790044454255470053C8
:10BAC00054415449535449430043414C4942524123
:10BAD000544500414C41524D5300502650305F4375
:10BAE0004F4F4C455200502650325F574952455FE8
:10BAF00046454544455200502650335F5449475F00
:10BB00004143444300502650345F504C41534D4113
:10BB10005F43555400502650355F434F4C445F57A8
:10BB20004952455F46454544455200544F524348AB
:10BB30002053543320284D49472053472900736D23
:10BB40006172745F746F7263685F6D69675F73675A
:10BB50005F696E736572746564202853546D2900A3
:10BB6000736D6172745F746F7263685F6D69675F34
:10BB700073675F7074202853546D29006469676986
:10BB800074616C5F746F7263685F6D69675F696E23
:10BB9000736572746564006469676974616C5F746D
:10BBA0006F7263685F6D69675F7074007374616E54
:10BBB000646172645F746F7263685F6D69675F7000
:10BBC000740073745B325D2E73745F7479706500FA
:10BBD00073745B325D2E73745F6D6F64656C00739C
:10BBE000745B325D2E73745F7375626D6F64656C28
:10BBF0000073745B325D2E73745F68617264776189
:10BC000072655F76657273696F6E0073745B325D27
:10BC10002E73745F736F6674776172655F76657299
:10BC200073696F6E0073745B325D2E73745F736F34
:10BC30006674776172655F7265766973696F6E00AD
:10BC400073745B325D2E73745F74656D706F7261B7
:10BC500072795F76657273696F6E0073745B325DC3
:10BC60002E73745F7569645B31325D0073745B328F
:10BC70005D2E73745F7765656B5F737461727400BA
:10BC800073745B325D2E73745F796561725F737478
:10BC90006172740073745B325D2E73745F706F77C2
:10BCA00065725F6F6E0073745B325D2E73745F77C5
:10BCB000656C645F7374617274730073745B325D7E
:10BCC0002E73745F77656C645F74696D650073745F
:10BCD0005B325D2E73745F77656C645F75736500AE
:10BCE00073745B325D2E73745F616C61726D00738F
:10BCF000745B325D2E73745F616C6C5F6461746140
:10BD00005F72656164790073745B325D2E73745F7A
:10BD100074656D7065726174757265007373745FBC
:10BD2000696E69745B325D2E73745F7765656B5FF6
:10BD30007374617274007373745F696E69745B32DB
:10BD40005D2E73745F796561725F737461727400E4
:10BD50007373745F696E69745B325D2E73745F73A5
:10BD600065745F737461727400544F52434820537A
:10BD7000543220284D4947290020534D4152542028
:10BD800000736D6172745F746F7263685F6D696771
:10BD90005F696E736572746564202853546D290061
:10BDA000736D6172745F746F7263685F6D69675FF2
:10BDB0007074202853546D290020494420424F417B
:10BDC000524420006964656E746974795F636172BE
:10BDD000645F6D69675F696E73657274656420285E
:10BDE00053546D29006964656E746974795F636189
:10BDF00072645F6D69675F747970650020444947BC
:10BE00004954414C2000205354414E444152442057
:10BE10000020414E414C4F472000616E616C6F67BE
:10BE20005F746F7263685F6D69675F696E73657277
:10BE300074656400616E616C6F675F72656D6F74CD
:10BE4000655F636F6E74726F6C5F76616C756500B1
:10BE500020505553482050554C4C00707573685F06
:10BE600070756C6C5F7374616E646172645F696E2F
:10BE70007365727465640073745B315D2E73745FF7
:10BE8000747970650073745B315D2E73745F6D6FD0
:10BE900064656C0073745B315D2E73745F737562DF
:10BEA0006D6F64656C0073745B315D2E73745F68D5
:10BEB000617264776172655F76657273696F6E0037
:10BEC00073745B315D2E73745F736F667477617228
:10BED000655F76657273696F6E0073745B315D2E9A
:10BEE00073745F736F6674776172655F726576698C
:10BEF00073696F6E0073745B315D2E73745F74656C
:10BF00006D706F726172795F76657273696F6E00C2
:10BF100073745B315D2E73745F7569645B31325D80
:10BF20000073745B315D2E73745F7765656B5F734F
:10BF3000746172740073745B315D2E73745F796524
:10BF400061725F73746172740073745B315D2E7320
:10BF5000745F706F7765725F6F6E0073745B315DD5
:10BF60002E73745F77656C645F73746172747300B1
:10BF700073745B315D2E73745F77656C645F746995
:10BF80006D650073745B315D2E73745F77656C64EF
:10BF90005F7573650073745B315D2E73745F616CE4
:10BFA00061726D0073745B315D2E73745F616C6CD4
:10BFB0005F646174615F72656164790073745B31A1
:10BFC0005D2E73745F74656D7065726174757265F2
:10BFD000007373745F696E69745B315D2E73745F97
:10BFE0007765656B5F7374617274007373745F69F6
:10BFF0006E69745B315D2E73745F796561725F7316
:10C0000074617274007373745F696E69745B315D1F
:10C010002E73745F7365745F737461727400544F30
:10C020005243482053543120285449472900736D06
:10C030006172745F746F7263685F7469675F696E61
:10C0400073657274656420285354312900736D61DF
:10C0500072745F746F7263685F7469675F70742075
:10C060002853543129006469676974616C5F746F87
:10C070007263685F7469675F696E73657274656423
:10C08000006469676974616C5F746F7263685F7480
:10C0900069675F7074007374616E646172645F7469
:10C0A0006F7263685F7469675F70740073745B308C
:10C0B0005D2E73745F747970650073745B305D2EF0
:10C0C00073745F6D6F64656C0073745B305D2E73A9
:10C0D000745F7375626D6F64656C0073745B305D63
:10C0E0002E73745F68617264776172655F766572E2
:10C0F00073696F6E0073745B305D2E73745F736F62
:10C100006674776172655F76657273696F6E0073CE
:10C11000745B305D2E73745F736F667477617265E4
:10C120005F7265766973696F6E0073745B305D2E44
:10C1300073745F74656D706F726172795F7665722A
:10C1400073696F6E0073745B305D2E73745F756915
:10C15000645B5D0073745B305D2E73745F7765653F
:10C160006B5F73746172740073745B305D2E7374F3
:10C170005F796561725F73746172740073745B30B0
:10C180005D2E73745F706F7765725F6F6E0073748E
:10C190005B305D2E73745F77656C645F737461727E
:10C1A00074730073745B305D2E73745F77656C64B9
:10C1B0005F74696D650073745B305D2E73745F77B7
:10C1C000656C645F7573650073745B305D2E7374AA
:10C1D0005F616C6C5F646174615F7265616479005A
:10C1E00073745B305D2E73745F74656D706572611E
:10C1F000747572650073745B305D2E73745F616C6F
:10C2000061726D00544F5243484553006176657228
:10C210006167655F73745F72785F646174615F7298
:10C22000656365697665645B305D00617665726142
:10C2300067655F73745F72785F646174615F726574
:10C240006365697665645B315D006176657261671F
:10C25000655F73745F72785F646174615F72656358
:10C2600065697665645B325D0073745F61637469F0
:10C2700076655B305D0073745F6163746976655BDE
:10C28000315D0073745F6163746976655B325D0074
:10C2900073745F74785F746F7263685F726F7461D8
:10C2A0007465007374312E73745F74656D7065729C
:10C2B0006174757265007374322E73745F74797073
:10C2C00065007374322E73745F6D6F64656C0073F8
:10C2D00074322E73745F7375626D6F64656C007376
:10C2E00074322E73745F74656D70657261747572EB
:10C2F00065007374332E73745F74797065007374A2
:10C30000332E73745F6D6F64656C007374332E73BA
:10C31000745F7375626D6F64656C007374332E7334
:10C32000745F74656D7065726174757265007374A5
:10C330005F72785F646174615B305D2E73745F64FB
:10C340006174612E636F6D6D616E645F6279746597
:10C350000073745F72785F646174615B305D2E732B
:10C36000745F646174612E646174615F6279746585
:10C370000073745F74785F646174615B305D2E7309
:10C38000745F646174612E636F6D6D616E645F6272
:10C390007974650073745F74785F646174615B3095
:10C3A0005D2E73745F646174612E646174615F6299
:10C3B0007974650073745F72785F646174615B3176
:10C3C0005D2E73745F646174612E636F6D6D616E59
:10C3D000645F627974650073745F72785F6461741E
:10C3E000615B315D2E73745F646174612E6461748E
:10C3F000615F627974650073745F74785F646174FF
:10C40000615B315D2E73745F646174612E636F6D67
:10C410006D616E645F627974650073745F74785FD8
:10C42000646174615B315D2E73745F646174612E4D
:10C43000646174615F627974650073745F72785FC0
:10C44000646174615B325D2E73745F646174612E2C
:10C45000636F6D6D616E645F627974650073745FA4
:10C4600072785F646174615B325D2E73745F6461C6
:10C4700074612E646174615F627974650073745FC6
:10C4800074785F646174615B325D2E73745F6461A4
:10C4900074612E636F6D6D616E645F6279746500A7
:10C4A00073745F74785F646174615B325D2E737462
:10C4B0005F646174612E646174615F6279746500A8
:10C4C0006465627567310064656275673200646532
:10C4D0006275673300646562756734006465627510
:10C4E0006735006465627567360064656275673735
:10C4F0000064656275673800646562756739006459
:10C5000065627567313000444954455220544553A3
:10C5100054007365745F6D6F64655B305D007365B7
:10C52000745F6D69675F7374645F63757272656E63
:10C53000745B305D007365745F6D69675F70756C07
:10C5400073655F63757272656E745B305D00504534
:10C55000503420504C41534D412043555400637595
:10C56000745F746F7263685F7074006375745F7476
:10C570006F7263685F736166650070696C6F745F8A
:10C58000737461746500696E5F63757400666F72C1
:10C5900063655F72656C655F70696C6F7428313AB2
:10C5A0004F4E2D323A4F46462900696E7374616EC4
:10C5B000745F69325F637574006176657261676587
:10C5C0005F69325F63757400696E7374616E745F66
:10C5D0006D765F763200617665726167655F76328F
:10C5E0005F637574006375745F7068617365006381
:10C5F00075745F74696D657231006375745F746919
:10C600006D657232006375745F74696D65723300B5
:10C610006F66667365745F695F68616C6C006176F4
:10C6200065726167655F695F68616C6C00706570F9
:10C63000345F706C61736D615F6375745F69325FE5
:10C64000776974685F646563696D616C73006F66B8
:10C65000667365745F695F70696C6F74006176659D
:10C66000726167655F695F70696C6F740070657097
:10C67000345F706C61736D615F6375745F69325FA5
:10C68000776974685F646563696D616C735F706915
:10C690006C6F74006F66667365745F76325F706C82
:10C6A00061736D6100617665726167655F76325FA7
:10C6B000706C61736D6100706570345F706C617374
:10C6C0006D615F6375745F763200666F7263655F7C
:10C6D00066616E00666F7263655F6169725F766145
:10C6E0006C766500666F7263655F636F6D7072650F
:10C6F00073736F7200666F7263655F636F6D7072E4
:10C700006573736F725F6C6576656C006D765F67DD
:10C7100061735F73656E736F725F6F666673657466
:10C72000006D765F6761735F73656E736F72006D26
:10C73000765F6E65745F6761735F73656E736F724A
:10C74000006761735F7072657373757265007365FE
:10C75000745F6761735F666C7578006761735F66AD
:10C760006C75785F66726F6D5F70726573737572EA
:10C77000655F73656E736F7200434F4E54524F4C3A
:10C780004C4F204D4F544F524500735F6F6E0073F6
:10C790005F6672657175656E637900735F616D7058
:10C7A0006C6900735F665F706F7274616E746500B0
:10C7B0006169725F707265737375726520286D624E
:10C7C00061722900735F726D735F63757272656E5B
:10C7D000745F6176657261676528412900735F63E4
:10C7E000757272656E745F7065616B2841290061B6
:10C7F0006C61726D5F735F6F76657263757272657F
:10C800006E740062745F732825290062745F735F21
:10C810006D617800735F63757272656E745F6F66C9
:10C8200066736574286D5629006C696D69745F7351
:10C830005F63757272656E745F6F6E2028412F3171
:10C840003029006C696D69745F735F63757272651E
:10C850006E745F6F66662028412F31302900616C4D
:10C8600061726D5F735F63757272656E745F6F6620
:10C87000667365740074656D706572617475726558
:10C880005F6E746331202862726964676529007481
:10C89000656D70657261747572655F6E7463322068
:10C8A00028636F6D70726573736F722900544553FE
:10C8B0005420424F41524400666F7263655F666167
:10C8C0006E20284F4E2F4F46462900666F726365D3
:10C8D0005F686620284F4E20666F72203120736596
:10C8E000632900666F7263655F7365745F65766167
:10C8F0002028312E2E31352900616C61726D735BF9
:10C90000305D00616C61726D735B315D00616C6103
:10C91000726D735B325D00616C61726D735B335D70
:10C9200000616C61726D735B345D00616C61726D8E
:10C93000735B355D00616C61726D735B365D0061C8
:10C940006C61726D735B375D00564F4C54414745C7
:10C9500000617665726167655F76325F3130306D98
:10C96000730076616C75655F61645F6D765F7632CA
:10C970000061645F6D765F76325F30760061645F80
:10C980006D765F76325F333076700061645F6D760E
:10C990005F76325F3330766E004741532053454E09
:10C9A000534F5200626F6172645F686172647761B5
:10C9B00072655F76657273696F6E00737461746916
:10C9C00073746963735F7061636B6574735F34382C
:10C9D000355F6F6B00737461746973746963735F3F
:10C9E0007061636B6574735F3438355F6B6F0061C2
:10C9F0006C61726D5F343835006D61785F62745FB1
:10CA00003530757328757329006D656469615F62DF
:10CA1000745F3530757328757329006D61785F62B6
:10CA2000745F316D7328757329006D61785F62746E
:10CA30005F31306D7328757329006E756D62657294
:10CA40005F7661725F74616200696E646963655FDD
:10CA5000766172007461626C655F69735F6F6B0011
:10CA6000696E6465785F7661725F77726F6E67007A
:10CA7000696E6465785F7661725F77726F6E675F0B
:10CA800073697A6500696E6465785F7661725F7755
:10CA9000726F6E675F76616C756500696E6465784C
:10CAA0005F7661725F77726F6E675F6D696E006946
:10CAB0006E6465785F7661725F77726F6E675F6DC7
:10CAC000617800696E6465785F7661725F77726F16
:10CAD0006E675F6465660041444333006164635F71
:10CAE000335B305D0076616C75655F61645F6761C3
:10CAF000735F666C7578006164635F335B315D0002
:10CB000076616C75655F61645F6D6F6E69746F727D
:10CB10005F706570006164635F335B325D007661F6
:10CB20006C75655F61645F6D6F6E69746F725F6D68
:10CB3000696E75735F313576006164635F335B33B3
:10CB40005D0076616C75655F61645F6D6F6E6974C1
:10CB50006F725F765F706F77657200617665726184
:10CB600067655F6D6F6E69746F725F765F706F7708
:10CB70006572006164635F335B345D0076616C7580
:10CB8000655F61645F6D6F6E69746F725F3135767A
:10CB9000006164635F335B355D0076616C75655F72
:10CBA00061645F6D6F6E69746F725F35760061648A
:10CBB000635F335B365D00706570325F77665F631D
:10CBC00061626C655F6C656E6768740041444334F4
:10CBD000006164635F345B305D0076616C75655F36
:10CBE00061645F6D6F6E69746F725F32347600617D
:10CBF00064635F345B315D0076616C75655F6164B1
:10CC0000635F6D765F7632006164635F345B325DD3
:10CC10000076616C75655F61645F707431004144DA
:10CC20004331006164635F315B305D0076616C7538
:10CC3000655F61645F77617465725F666C757800CB
:10CC40006164635F315B315D0076616C75655F6166
:10CC5000645F735F637572725F6D76006164635FBA
:10CC6000315B325D0076616C75655F61645F6E7427
:10CC700063320074656D70657261747572655F6EA4
:10CC8000746332006164635F315B335D0076616CB5
:10CC900075655F61645F6370755F74656D70657203
:10CCA0006174757265006164635F315B345D007649
:10CCB000616C75655F61645F76726566696E74004C
:10CCC0006D795F76726566696E7420286D562900ED
:10CCD0006164635F315B355D0076616C75655F61D2
:10CCE000645F76626174007662617420286D5629F3
:10CCF0000041444332006164635F325B305D007623
:10CD0000616C75655F61645F695F68616C6C00612F
:10CD100064635F325B315D0076616C75655F616491
:10CD20005F695F70756D7000617665726167655FE0
:10CD3000695F70756D70006164635F325B325D00C6
:10CD400076616C75655F61645F6E74633100414E3E
:10CD5000414C4F47006572726F725F6164633100CE
:10CD60006572726F725F646D615F616463310065EB
:10CD700072726F725F696E745F646D61315F636858
:10CD8000315F61646331006572726F725F61646309
:10CD900032006572726F725F646D615F61646332ED
:10CDA000006572726F725F696E745F646D61325F8D
:10CDB0006368315F61646332006572726F725F61D4
:10CDC000646333006572726F725F646D615F61648A
:10CDD0006333006572726F725F696E745F646D6158
:10CDE000325F6368355F61646333006572726F72CE
:10CDF0005F61646334006572726F725F646D615F5E
:10CE000061646334006572726F725F696E745F642F
:10CE10006D61325F6368325F6164633400726573B1
:10CE200065745F6572726F725F616463006D795FD4
:10CE300076726566696E745F7472756520286D56CA
:10CE4000290074656D70657261747572655F6E74CA
:10CE50006331005045503520434F4D504552535398
:10CE60004F5220494E56455254455220530050458A
:10CE7000503520434F4C44205749524520464545A4
:10CE800044455200747275655F6D6F746F725F64B4
:10CE90006972656374696F6E00706570355F637782
:10CEA000665F747275655F6D6F746F725F737065C6
:10CEB0006564006D6F746F725F706F736974696F12
:10CEC0006E20286D6D29005045503320544947206D
:10CED00041434443006D795F616464726573735FBD
:10CEE0003438350074696D655F63635F62726964CD
:10CEF00067650076325F706F6C61726974792028A3
:10CF0000313A504F5320323A4E454729006465620A
:10CF100075675F666F7263655F706F6C617269746D
:10CF2000792028313A504F732C323A4E45472C33F2
:10CF30003A4F504E2900706570335F7469675F61C6
:10CF40006364635F73657428696E2900706570336C
:10CF50005F7469675F616364635F73746174757341
:10CF6000286F75742900706570335F7469675F613D
:10CF70006364635F6D6F64756C655F74656D706528
:10CF8000726174757265286F7574290070657033ED
:10CF90005F7469675F616364635F6761735F646146
:10CFA00074615F707265737375726500706570335C
:10CFB0005F7469675F616364635F6761735F646126
:10CFC00074615F666C6F7700706570335F7469675A
:10CFD0005F6469676974616C5F746F7263685F64D2
:10CFE000617461286F75742900706570335F7469AE
:10CFF000675F616364635F7365745F6761735F66D6
:10D000006C6F77007069645F7365745F657661004B
:10D010006576615F737461747573006D616E7561BF
:10D020006C5F7365745F657661005054313A2076A9
:10D030005F61645F7074310050455032205749522F
:10D040004520464545444552006D795F61646472F0
:10D050006573735F3438355F666F725F64656275E0
:10D060006700706570325F77665F73657428696EFC
:10D07000290043414C4942524154494F4E204441BA
:10D0800054410076616C75655F76325F307600766C
:10D09000616C75655F76325F33307670004F54484F
:10D0A000455253204441544100706570325F7766A9
:10D0B0005F747275655F6D6F746F725F73706565B5
:10D0C000640050455031205449472D484600706552
:10D0D00070315F7469675F64635F73657428696E3C
:10D0E0002900706570315F7469675F64635F737492
:10D0F00061747573286F75742900706570315F7481
:10D1000069675F64635F6D6F64756C655F74656D9F
:10D110007065726174757265286F75742900706529
:10D1200070315F7469675F64635F6761735F6461D7
:10D1300074615F7072657373757265286F75742999
:10D1400000706570315F7469675F64635F67617306
:10D150005F646174615F666C6F77286F7574290016
:10D160007469675F64635F686600666F7263655FBA
:10D170007365745F657661005045503020434F4FB2
:10D180004C455220554E495400706570305F636FB6
:10D190006F6C65725F756E69745F73657428696E14
:10D1A0002900706570305F636F6F6C65725F756EBC
:10D1B00069745F737461747573286F757429007076
:10D1C0006570305F635F755F77617465725F74650A
:10D1D0006D7065726174286F7574290070657030A8
:10D1E0005F635F755F70756D705F74656D7065729C
:10D1F0006174286F75742900706570305F635F75A6
:10D200005F77617465725F666C7578286F757429D5
:10D21000007065705F616C61726D5F74797065003C
:10D220007065705F616C61726D5F7374617475734A
:10D2300000647574795F70776D5F75725F70756D7E
:10D240007000695F70756D705F3061286D562C6578
:10D2500078703A313635302900666F7263655F70D9
:10D26000756D702028303A4F46462C312E2E3429C9
:10D2700000666F7263655F75725F6576615F667287
:10D280006F6E7400666F7263655F75725F6576615D
:10D290005F72656172004E45545F343835007374B7
:10D2A00061746973746963735F6F746865725F70CA
:10D2B00061636B6574735F3438355F6F6B007065E5
:10D2C000705F63616C6C65645B305D007065705F9E
:10D2D00070726573656E745B305D007065705F635E
:10D2E000616C6C65645B315D007065705F70726568
:10D2F00073656E745B315D007065705F63616C6C4B
:10D3000065645B325D007065705F70726573656E39
:10D31000745B325D007065705F63616C6C65645B4B
:10D32000335D007065705F70726573656E745B333A
:10D330005D007065705F63616C6C65645B345D009B
:10D340007065705F70726573656E745B345D0070DC
:10D3500065705F63616C6C65645B355D0070657002
:10D360005F70726573656E745B355D007065705FCC
:10D3700063616C6C65645B365D007065705F7072D4
:10D380006573656E745B365D007065705F63616CBC
:10D390006C65645B375D007065705F7072657365A6
:10D3A0006E745B375D007065705F63616C6C6564A3
:10D3B0005B385D007065705F70726573656E745B7D
:10D3C000385D007065705F63616C6C65645B395DCE
:10D3D000007065705F70726573656E745B395D00B7
:10D3E0007065705F63616C6C65645B31305D0070AB
:10D3F00065705F70726573656E745B31305D00706F
:10D4000065705F63616C6C65645B31315D00706594
:10D41000705F70726573656E745B31315D0070654D
:10D42000705F63616C6C65645B31325D0070657068
:10D430005F70726573656E745B31325D007065702C
:10D440005F63616C6C65645B31335D007065705F58
:10D4500070726573656E745B31335D007065705F0B
:10D4600063616C6C65645B31345D007065705F7026
:10D47000726573656E745B31345D007065705F63F7
:10D48000616C6C65645B31355D007065705F7072F6
:10D490006573656E745B31355D006C6173745F73C9
:10D4A00065745F6576610064656275675F6461637A
:10D4B000000000003F005E007D009C00BB00DA0021
:10D4C000F90017013501530170018D01AA01C60150
:10D4D000E201FD01180232024C0265027D02950252
:10D4E000AD02C302D902EE020303160329033B0374
:10D4F0004C035D036C037B0389039603A203AD0316
:10D50000B703C003C903D003D603DC03E003E4037D
:10D51000E603E803E803E803E803E603E403E003C3
:10D52000DC03D603D003C903C003B703AD03A203D2
:10D53000960389037B036C035D034C033B032903C0
:10D5400016030303EE02D902C302AD0295027D0267
:10D5500065024C0232021802FD01E201C601AA0175
:10D560008D017001530135011701F900DA00BB008C
:10D570009C007D005E003F000000000000000102F2
:10D58000030400000000000000000102030406077D
:10D5900008090000B9BA0108440E0020000000008C
:10D5A000BFBA0108EC05002000000000C9BA01085C
:10D5B0000805002000CA0000D3BA0108F4030020C7
:10D5C00000000000DABA0108940C002000000000FE
:10D5D000E6BA01089C0A002000000000F7BA010822
:10D5E0005C0800200000000005BB010804000020CA
:10D5F0000000000015BB01088407002000000000A7
:10D6000010BE01080000000000000000F01700201C
:10D610000200101119111111EE1700200200202232
:10D6200029222222EC170020020030333933333311
:10D63000EA1700200200404449444444E81700200F
:10D640000200555559555555DE32002002000000A4
:10D65000FFFF0000DE32002002000000FFFF00009C
:10D66000DE32002002000000FFFF0000DE3200205A
:10D6700002000000FFFF0000DE3200200200000078
:10D68000FFFF0000DE32002002000000FFFF00006C
:10D69000DE32002002000000FFFF0000DE3200202A
:10D6A00002000000FFFF0000DE3200200200000048
:10D6B000FFFF0000DE32002002000000FFFF00003C
:10D6C000DE32002002000000FFFF0000DE320020FA
:10D6D00002000000FFFF0000DE3200200200000018
:10D6E000FFFF0000DE32002002000000FFFF00000C
:10D6F000DE32002002000000FFFF0000DE320020CA
:10D7000002000000FFFF0000DE32002002000000E7
:10D71000FFFF0000DE32002002000000FFFF0000DB
:10D72000DE32002002000000FFFF0000DE32002099
:10D7300002000000FFFF0000DE32002002000000B7
:10D74000FFFF0000DE32002002000000FFFF0000AB
:10D75000DE32002002000000FFFF0000DE32002069
:10D7600002000000FFFF0000DE3200200200000087
:10D77000FFFF0000DE32002002000000FFFF00007B
:10D78000DE32002002000000FFFF0000DE32002039
:10D7900002000000FFFF0000DE3200200200000057
:10D7A000FFFF0000DE32002002000000FFFF00004B
:10D7B000DE32002002000000FFFF0000DE32002009
:10D7C00002000000FFFF0000DE3200200200000027
:10D7D000FFFF0000DE32002002000000FFFF00001B
:10D7E000DE32002002000000FFFF0000DE320020D9
:10D7F00002000000FFFF0000DE32002002000000F7
:10D80000FFFF0000DE32002002000000FFFF0000EA
:10D81000DE32002002000000FFFF0000DE320020A8
:10D8200002000000FFFF0000DE32002002000000C6
:10D83000FFFF0000DE32002002000000FFFF0000BA
:10D84000DE32002002000000FFFF0000DE32002078
:10D8500002000000FFFF0000DE3200200200000096
:10D86000FFFF0000DE32002002000000FFFF00008A
:10D87000DE32002002000000FFFF0000DE32002048
:10D8800002000000FFFF0000DE3200200200000066
:10D89000FFFF0000DE32002002000000FFFF00005A
:10D8A000DE32002002000000FFFF0000A818002068
:10D8B00002002805BC077206A61800200200C2015B
:10D8C0002602F401A41800200200C2012602F4017D
:10D8D000DE32002002000000FFFF0000DE320020E8
:10D8E00002000000FFFF0000DE3200200200000006
:10D8F000FFFF0000DE32002002000000FFFF0000FA
:10D900007A19002002002000E2007800751900203A
:10D910000100000020000300DE32002002000000B1
:10D92000FFFF0000DE32002002000000FFFF0000C9
:10D93000DE32002002000000FFFF0000DE32002087
:10D9400002000000FFFF0000DE32002002000000A5
:10D95000FFFF00007529002001000000FA0002000E
:10D96000DE32002002000000FFFF0000DE32002057
:10D9700002000000FFFF0000DE3200200200000075
:10D98000FFFF0000DE32002002000000FFFF000069
:10D99000DE32002002000000FFFF0000DE32002027
:10D9A00002000000FFFF0000010203040506070853
:10D9B000090A0B0C0D0E0F100203040506070809D7
:08D9C0000A0B0C0D0E0F1010F4
:04D9C800B9C90008D1
:04D9CC0095C90008F1
:10D9D00000127A004EC50108B53200200165000032
:10D9E0000FBE0108B5320020016500005EC50108C8
:10D9F000B2280020010000006BC50108B0280020FB
:10DA0000010000007AC50108BD28002001000000C7
:10DA100086C50108BF280020010000000FBE0108D4
:10DA2000B5320020016500008DC50108B328002033
:10DA3000010100000FBE0108B532002001650000A1
:10DA4000AAC50108CE19002002000000B9C50108CE
:10DA50009828002002000000C8C50108C018002056
:10DA600004000000D6C501089A280020020000002A
:10DA70000FBE0108B532002001650000E5C50108B0
:10DA8000AE2800200100000086C50108BF28002044
:10DA900001000000EFC50108AC28002002000000D2
:10DAA000FAC50108AA2800200200000005C60108E6
:10DAB000A8280020020000000FBE0108B532002097
:10DAC0000165000010C601080C1A002002010000C8
:10DAD0001EC601080E1A0020020000002DC6010813
:10DAE00064290020020002000FBE0108B5320020A8
:10DAF000016500004EC60108F41900200201000073
:10DB00005DC60108F6190020020000006DC601087C
:10DB100066290020020002000FBE0108B532002075
:10DB20000165000094C60108E6190020020100000A
:10DB3000A5C60108D019002002000000B7C60108E0
:10DB400068290020020000000FBE0108B532002045
:10DB500001650000CAC601089328002001010800E1
:10DB6000D4C601089128002001010800E4C601087C
:10DB70009028002001010800F5C601088F28002028
:10DB8000010100000FBE0108B53200200165000050
:10DB90000CC701087A1900200201000021C7010802
:10DBA0007E190020020000002FC701087C19002008
:10DBB000020000000FBE0108B53200200165000020
:10DBC00041C7010836180020020002004EC70108B4
:10DBD00078190020010000005BC701083C180020F4
:10DBE0000200020079C70108B5320020016500007B
:10DBF0000FBE0108B5320020016500008AC7010888
:10DC000042290020010108008FC7010837290020A0
:10DC1000010100009BC701083E290020010500000A
:10DC2000A3C701083829002001010000FBC6010834
:10DC300036290020010100000FBE0108B532002086
:10DC400001650000CAC601089328002001010800F0
:10DC5000D4C601089128002001010800E4C601088B
:10DC60009028002001010800F5C601088F28002037
:10DC7000010100000FBE0108B5320020016500005F
:10DC8000B0C701083418002002000000C4C7010812
:10DC9000641A002002000200DDC7010822290020CA
:10DCA00002000200EFC70108142900200200000052
:10DCB0000FBE0108B53200200165000003C801084D
:10DCC000C6280020020000000BC80108C42800205C
:10DCD0000264000014C8010824290020020000008A
:10DCE00029C80108182900200201020043C80108C0
:10DCF00016290020020102000FBE0108B5320020E3
:10DD0000016500005EC801081C2900200100000018
:10DD10000FBE0108B53200200165000075C801087A
:10DD20009A190020010001008FC801084C1A002038
:10DD3000010001000FBE0108B5320020016500009E
:10DD4000C0C401082424002004010000C7C4010845
:10DD50002024002004010000CEC401081C2400205F
:10DD600004010000D5C401081824002004010000AB
:10DD7000DCC401081424002004010000E3C40108ED
:10DD80001024002004010000EAC401080C24002033
:10DD900004010000F1C4010808240020040100006F
:10DDA000F8C401080424002004010000FFC4010895
:10DDB000002400200401000010BE01080000000043
:10DDC00000000000D3BA0108B53200200165000050
:10DDD0000FBE0108B5320020016500000FBE01082A
:10DDE000B532002001650000F9C80108F11A0020D1
:10DDF0000100000003C90108F21A00200100000020
:10DE00000DC90108F31A00200100000017C901081C
:10DE1000F41A00200100000021C90108F51A0020B1
:10DE2000010000002BC90108F61A002001000000C3
:10DE300035C90108F71A0020010000003FC9010898
:10DE4000F81A0020010000000FBE0108B5320020C2
:10DE500001650000C0C40108242400200401000062
:10DE6000C7C401082024002004010000CEC401081A
:10DE70001C24002004010000D5C40108182400203F
:10DE800004010000DCC40108142400200401000087
:10DE9000E3C401081024002004010000EAC40108C2
:10DEA0000C24002004010000F1C401080824002013
:10DEB00004010000F8C4010804240020040100004B
:10DEC000FFC40108002400200401000010BE010866
:10DED0000000000000000000C9BA0108B5320020AF
:10DEE000016500000FBE0108B53200200165000089
:10DEF00049C90108B5320020016500000FBE0108C4
:10DF0000B53200200165000051C901089C180020AD
:10DF1000020002000FBE0108B532002001650000BA
:10DF200062C90108B61800200200000071C901088A
:10DF3000A8180020020100007DC90108A6180020D1
:10DF4000020100008BC90108A41800200201000092
:10DF50000FBE0108B53200200165000099C9010813
:10DF6000B5320020016500000FBE0108B532002067
:10DF7000016500000CC701087A19002002010000A9
:10DF800021C701087E190020020000002FC70108E8
:10DF90007C1900200200000041C70108361800204B
:10DFA000020002005BC701083C18002002000200CA
:10DFB00010BE01080000000000000000BFBA010808
:10DFC000B5320020016500000FBE0108B532002007
:10DFD00001650000A4C90108111B00200100000018
:10DFE0000FBE0108B532002001650000BBC9010861
:10DFF000142A002002010000D5C901080C2A0020C3
:10E0000002010000EFC90108002A00200101000000
:10E010000FBE0108B532002001650000F9C90108F2
:10E02000762400200200000009CA01086A240020AA
:10E03000020000001BCA01085E240020020000004C
:10E040002ACA010850240020020000000FBE010867
:10E05000B5320020016500003ACA0108CC15002045
:10E060000200000049CA0108C81500200200000093
:10E0700054CA0108CA1500200200000060CA010845
:10E08000342400200200000070CA0108322400205D
:10E090000100000085CA01083024002002000000B1
:10E0A0009BCA01082E24002002000000AFCA01080C
:10E0B0002C24002002000000C3CA01082A240020EA
:10E0C000020000000FBE0108B5320020016500000B
:10E0D000C0C401082424002004010000C7C40108B2
:10E0E0002024002004010000CEC401081C240020CC
:10E0F00004010000D5C40108182400200401000018
:10E10000DCC401081424002004010000E3C4010859
:10E110001024002004010000EAC401080C2400209F
:10E1200004010000F1C401080824002004010000DB
:10E13000F8C401080424002004010000FFC4010801
:10E14000002400200401000010BE010800000000AF
:10E15000000000006ECE0108B5320020016500000D
:10E160000FBE0108B5320020016500000FBE010896
:10E17000B53200200165000084CE0108EE270020A2
:10E180000100000099CE010848290020020000008B
:10E19000B3CE0108F6270020020000000FBE0108E0
:10E1A000B532002001650000C0C40108242400200D
:10E1B00004010000C7C4010820240020040100005D
:10E1C000CEC401081C24002004010000D5C40108AD
:10E1D0001824002004010000DCC4010814240020DD
:10E1E00004010000E3C40108102400200401000021
:10E1F000EAC401080C24002004010000F1C4010855
:10E200000824002004010000F8C4010804240020B0
:10E2100004010000FFC401080024002004010000E4
:10E2200010BE01080000000000000000C7CE010879
:10E23000B5320020016500000FBE0108B532002094
:10E2400001650000D5CE0108042A0020010100006C
:10E250000FBE0108B532002001650000E4CE0108C0
:10E2600075290020010100000FBE0108B532002011
:10E2700001650000F3CE01089518002001000000A0
:10E280000DCF010894180020010100000FBE010805
:10E29000B53200200165000036CF01088229002038
:10E2A000010000004CCF010880290020010000007F
:10E2B00066CF01087F290020010000008CCF0108F3
:10E2C0007E29002001000000ACCF01087D2900203C
:10E2D00001000000C8CF01089529002001000000BE
:10E2E0000FBE0108B532002001650000E9CF01082A
:10E2F0009B29002001000000E5CA010880190020C8
:10E30000020000000CC701087A1900200201000079
:10E3100021C701087E190020020000002FC7010854
:10E320007C1900200200000041C7010836180020B7
:10E33000020002005BC701083C1800200200020036
:10E340004EC7010878190020010000000FBE010827
:10E35000B53200200165000004D0010879190020C1
:10E360000100000010D00108B429002001000000C5
:10E370000FBE0108B5320020016500001BD0010866
:10E3800092280020010100000FBE0108B5320020D4
:10E39000016500002AD001086E180020020000006C
:10E3A0002EC00108A8160020020000004DC0010880
:10E3B000401600200100000066C00108501800202F
:10E3C0000100000081C001084E180020010000007B
:10E3D00096C001084C180020010000000FBE010883
:10E3E000B532002001650000C0C4010824240020CB
:10E3F00004010000C7C4010820240020040100001B
:10E40000CEC401081C24002004010000D5C401086A
:10E410001824002004010000DCC40108142400209A
:10E4200004010000E3C401081024002004010000DE
:10E43000EAC401080C24002004010000F1C4010812
:10E440000824002004010000F8C40108042400206E
:10E4500004010000FFC401080024002004010000A2
:10E4600010BE0108000000000000000038D00108C4
:10E47000B5320020016500000FBE0108B532002052
:10E480000165000049D00108022A002001000000B7
:10E4900062D0010892290020010000000FBE01088F
:10E4A000B53200200165000072D00108B5320020AD
:10E4B000016500000FBE0108B532002001650000B3
:10E4C00083D00108A8180020020100008FD00108A5
:10E4D000A61800200201000051C901089C18002064
:10E4E000020004000FBE0108B532002001650000E3
:10E4F0000CC701087A1900200201000021C7010899
:10E500007E190020020000002FC701087C1900209E
:10E510000200000041C70108361800200200020076
:10E520005BC701083C180020020002000FBE010872
:10E53000B532002001650000B7CB0108EA180020C1
:10E54000020000000FBE0108B53200200165000086
:10E550009DD00108B5320020016500000FBE010802
:10E56000B53200200165000084CE0108EE270020AE
:10E5700001000000A9D00108842900200200000049
:10E58000B3CE0108F6270020020000000FBE0108EC
:10E59000B5320020016500004EC70108781900203F
:10E5A000010000005BC701083C18002002000200C7
:10E5B00010D00108B4290020010000000FBE01089E
:10E5C000B5320020016500001BD001089228002010
:10E5D000010100000FBE0108B532002001650000F6
:10E5E000C0C401082424002004010000C7C401089D
:10E5F0002024002004010000CEC401081C240020B7
:10E6000004010000D5C40108182400200401000002
:10E61000DCC401081424002004010000E3C4010844
:10E620001024002004010000EAC401080C2400208A
:10E6300004010000F1C401080824002004010000C6
:10E64000F8C401080424002004010000FFC40108EC
:10E65000002400200401000010BE0108000000009A
:10E660000000000078D10108B532002001650000EB
:10E670000FBE0108B532002001650000BBC90108CA
:10E68000142A002002000000D5C901080C2A00202D
:10E69000020000000FBE0108B53200200165000035
:10E6A00089D10108AE29002001000000A2D1010893
:10E6B000A929002001000000BFD10108AD290020D8
:10E6C00001000000DCD10108AC290020010000009D
:10E6D000F8D10108AA2900200100020011D2010886
:10E6E000BA2900200100000020D20108B82900202A
:10E6F000020000000FBE0108B532002001650000D5
:10E700003AD20108A82900200100000031D20108F6
:10E71000A2290020020000004BCB0108261900208E
:10E720000200020042D20108B219002002000000DB
:10E7300021CD0108B61900200200020028CD0108F1
:10E74000B4190020020002000FBE0108B5320020FB
:10E750000165000059D2010888280020010100004D
:10E7600071D201088B2800200101000084D2010829
:10E770008A28002001010000B8C801089328002061
:10E78000010100000FBE0108B53200200165000044
:10E79000C0C401082424002004010000C7C40108EB
:10E7A0002024002004010000CEC401081C24002005
:10E7B00004010000D5C40108182400200401000051
:10E7C000DCC401081424002004010000E3C4010893
:10E7D0001024002004010000EAC401080C240020D9
:10E7E00004010000F1C40108082400200401000015
:10E7F000F8C401080424002004010000FFC401083B
:10E80000002400200401000010BE010800000000E8
:10E8100000000000B9BA0108B5320020016500000F
:10E820000CC701087A1900200201000071C9010813
:10E83000A8180020020100007DC90108A6180020C8
:10E84000020100008BC90108A41800200201000089
:10E850009AD401087519002001010000E4CE0108D6
:10E8600075290020010100000FBE0108B53200200B
:10E870000165000015D20108121B002001000000F4
:10E88000D5CE0108022A0020010000000FBE0108B9
:10E89000B532002001650000C0C401082424002016
:10E8A00004010000C7C40108202400200401000066
:10E8B000CEC401081C24002004010000D5C40108B6
:10E8C0001824002004010000DCC4010814240020E6
:10E8D00004010000E3C4010810240020040100002A
:10E8E000EAC401080C24002004010000F1C401085E
:10E8F0000824002004010000F8C4010804240020BA
:10E9000004010000FFC401080024002004010000ED
:10E91000A7D40108FC2300200101000010BE01085B
:10E9200000000000000000000100000010000000D6
:040000050801859DCC
:00000001FF
